code,name,lon,lat,elevation_m,n_years,dzdT_obs,dzdT_ci95,T0,T1,T_sine_rmse,Ram,Tm,zeta_mean
301_CA_SNTL,Adin Mtn,-120.79192352294922,41.2358283996582,1886.7120361328125,17,-12.664651742717963,12.441018884259016,5.868380338436745,9.206423669207185,1.5212278072197947,0.43485715656206153,0.7222222222222222,213.2941176470588
302_OR_SNTL,Aneroid Lake #2,-117.19258117675781,45.213279724121094,2255.52001953125,17,-0.12333264920823832,3.9088738574939006,1.7704037962216856,8.531554135070266,1.663627094333591,0.3123963509852583,-0.6782679738562091,268.11764705882354
1000_OR_SNTL,Annie Springs,-122.16517639160156,42.87007141113281,1831.8480224609375,18,-13.62877796294746,6.8664718780449,4.735671949144955,7.940550598308302,1.5887055013826605,0.3552700465189645,2.627777777777778,256.77777777777777
304_OR_SNTL,Arbuckle Mtn,-119.25392150878906,45.19084930419922,1758.696044921875,17,-4.821879410434356,6.071453123453705,4.9839335437371295,9.056067830739197,1.8087933719601406,0.27895575827775804,-0.6916666666666665,221.88888888888889
306_ID_SNTL,Atlanta Summit,-115.23906707763672,43.756900787353516,2310.384033203125,18,-6.088463689907913,3.963908650397026,4.600564061240935,10.699342195981211,1.8654792412709156,0.30930097525770595,0.675,245.11111111111111
311_MT_SNTL,Banfield Mountain,-115.44573211669922,48.57120132446289,1706.8800048828125,18,-9.903422104861745,6.796148926571137,4.085601217656012,10.475565875217313,1.6209958285838373,0.301187297956263,1.4194444444444445,237.22222222222223
312_ID_SNTL,Banner Summit,-115.23446655273438,44.30342102050781,2145.7919921875,18,-12.415822684793422,6.775702624766153,2.1475781180051934,11.139446438889816,1.7779289563299157,0.3744759594798966,-1.0694444444444446,243.33333333333334
314_WY_SNTL,Base Camp,-110.44544219970703,43.940189361572266,2151.887939453125,18,-10.608445013717994,6.128853637387502,2.79090070731489,11.374742898108055,1.3653794309102032,0.3036408778174526,-0.6499999999999999,227.38888888888889
316_NM_SNTL,Bateman,-106.3212890625,36.51216125488281,2834.639892578125,17,-7.484038869955481,4.3707748885793025,5.353214589488765,10.082471026337956,0.9210232168764724,0.3066904465692849,0.9111111111111112,208.55555555555554
318_MT_SNTL,Beagle Springs,-112.9819107055664,44.47146987915039,2697.47998046875,17,-8.741524959641303,7.81257850866431,2.5359423404064825,10.032976262148155,1.757482751223757,0.1893382789115104,-0.175,231.41176470588235
319_ID_SNTL,Bear Basin,-116.14292907714844,44.95222091674805,1630.6800537109375,18,-13.445595037204907,7.239332397612186,4.021841704718416,10.216166814872025,1.3651580737632332,0.3942010358554781,0.42500000000000016,234.05555555555554
320_ID_SNTL,Bear Canyon,-113.93797302246094,43.74367141723633,2407.919921875,18,-13.26095369698189,5.563352368177322,1.746993464052287,11.246417844754294,1.5173184032860565,0.28526783100813224,-1.3944444444444444,232.94444444444446
321_NV_SNTL,Bear Creek,-115.4527816772461,41.833839416503906,2450.592041015625,18,-13.788516216789617,7.253334520241706,3.7408711612498893,9.574424137707002,1.5980478637921482,0.2846997678663471,0.05833333333333335,238.22222222222223
323_ID_SNTL,Bear Mountain,-116.07447814941406,48.30577087402344,1645.9200439453125,17,-5.214684228486148,4.473018883893051,4.40814844659325,9.706703974038911,1.6023637772769912,0.34932859054246784,3.4555555555555557,264.11764705882354
324_ID_SNTL,Bear Saddle,-116.98097229003906,44.60533142089844,1883.6639404296875,18,-10.267047231082058,7.263224401421786,5.180609723341393,10.385850437261814,1.7600321519170958,0.36528387385318045,-0.3861111111111112,230.0
325_WY_SNTL,Bear Trap Meadow,-107.06134796142578,43.887428283691406,2499.360107421875,18,-1.366560315524254,8.506258555191907,3.2170471841704726,11.057740327367226,1.68348494182424,0.1820301170301125,-1.7805555555555557,216.5
327_CO_SNTL,Beartown,-107.51212310791016,37.714088439941406,3535.679931640625,18,-0.3708520826255879,7.882167045188426,0.8514316411496097,9.291262476346654,1.0315996878024394,0.2933319828775271,-1.958333333333333,237.05555555555554
330_UT_SNTL,Beaver Divide,-111.09781646728516,40.61233139038086,2523.743896484375,17,3.425892614789127,10.002668532888592,4.283731757543201,11.126880486257482,1.459564658537359,0.22272632756073493,-1.1027777777777779,211.38888888888889
332_UT_SNTL,Ben Lomond Peak,-111.94405364990234,41.37602996826172,2343.607177734375,18,-9.770787890506208,4.741500688118631,6.064946727549469,11.419934706454464,1.7342750265591402,0.38845661455145475,1.8722222222222222,239.5
334_NV_SNTL,Berry Creek,-114.6227798461914,39.31917190551758,2858.109619140625,18,-6.874505380661098,5.86306334379689,3.1867132241024265,10.035202686512982,1.502235072343606,0.24989249895946353,-0.013888888888889117,242.55555555555554
336_NV_SNTL,Big Bend,-115.69309997558594,41.761680603027344,2102.510498046875,18,-12.247615065374154,7.502547255977004,6.535639717074045,10.866938664163712,1.691611449346835,0.27755610505409467,-0.2416666666666667,202.0
337_NV_SNTL,Big Creek Sum,-117.11505889892578,39.291481018066406,2647.18798828125,18,-8.291564120619535,6.044650920705189,6.174713045035366,9.546807567407821,1.6791506851120728,0.2402703938071532,3.5444444444444443,235.88888888888889
338_ID_SNTL,Big Creek Summit,-115.79560852050781,44.6262092590332,1999.488037109375,18,-10.69664564034217,4.95917412351659,3.9101844390724327,10.079819456378704,1.664392798059452,0.3722503444854343,0.9083333333333331,249.66666666666666
931_WY_SNTL,Big Goose,-107.20068359375,44.57923889160156,2435.35205078125,18,-5.186706531504616,5.859341518470649,3.650502283105024,9.9146454001288,1.6493816618694745,0.19669601604843137,0.7,237.88888888888889
340_NV_SNTL,Big Meadow,-119.94219970703125,39.45500183105469,2510.028076171875,18,-12.569805722017815,7.947636412851254,5.242773748768914,8.756151146963662,1.6183260927030572,0.3659687312165425,-0.27222222222222225,226.11111111111111
341_OR_SNTL,Big Red Mountain,-122.85487365722656,42.05257034301758,1844.0400390625,17,-15.029525770662268,7.168442830851879,6.083341391351061,7.66815717117439,1.671233231634855,0.31119409695248457,3.3500000000000005,245.22222222222223
345_CO_SNTL,Bison Lake,-107.3568115234375,39.764869689941406,3316.22412109375,17,-1.7311695932154396,5.6041427327967535,0.6906061420001788,10.669913173241385,1.263734781350073,0.29223019437927217,-1.1111111111111112,265.6470588235294
346_MT_SNTL,Bisson Creek,-113.99900817871094,47.68389129638672,1499.615966796875,18,-10.386176138180572,5.01930138167305,4.9868511057391,9.88548037430141,1.5471064237271077,0.3220566731650705,1.9444444444444446,223.94444444444446
349_MT_SNTL,Black Pine,-113.43094635009766,46.41400146484375,2197.60791015625,18,-7.714455289539757,6.6123125339205675,3.8926716805443644,9.935398110279456,1.8272514806888704,0.279580332292221,0.23333333333333328,232.0
352_WA_SNTL,Blewett Pass,-120.67960357666016,47.35036849975586,1292.35205078125,17,-13.231058922248618,7.403122579873911,6.125611961679648,9.514225543203775,1.588122521533208,0.45829736087917294,0.8333333333333333,206.35294117647058
353_WY_SNTL,Blind Bull Sum,-110.60973358154297,42.9640007019043,2636.52001953125,17,-6.523663735955398,6.414350635302742,1.7147685558241559,10.843255456614559,1.547798173386947,0.2412427684286414,0.2715686274509804,259.52941176470586
354_SD_SNTL,Blind Park,-103.97688293457031,44.10771942138672,2100.072021484375,18,-10.389789743144199,8.540144893488057,3.9272754946727555,11.286068628084962,1.580062299044219,0.19089281930182278,-1.5916666666666663,203.55555555555554
355_MT_SNTL,Bloody Dick,-113.50099182128906,45.165069580078125,2316.47998046875,18,-9.114303576617907,6.783107347950285,2.844874205389919,10.058503504094132,1.6446454741091072,0.24117591269968408,0.04999999999999998,232.77777777777777
356_CA_SNTL,Blue Lakes,-119.92436981201172,38.608001708984375,2458.821533203125,17,-17.704284777844126,9.453488106708823,4.312808666845735,8.996430992172105,1.3849595884403387,0.39070468650027457,-0.2138888888888888,246.61111111111111
357_OR_SNTL,Blue Mountain Spring,-118.51721954345703,44.2476692199707,1789.176025390625,18,-8.119993675455904,4.855440872585559,5.19296535052377,9.823238058678012,1.7422876298261107,0.3745819562783756,-0.28888888888888886,219.61111111111111
978_ID_SNTL,Bogus Basin,-116.09684753417969,43.763771057128906,1932.4320068359375,18,-10.770902471442938,6.428997230312965,6.147346226161698,9.758186753437311,1.626283343153682,0.34650197956005885,2.727777777777778,232.66666666666666
359_ID_SNTL,Bostetter R.S.,-114.19271850585938,42.16442108154297,2286.0,18,-7.826447205579406,5.398554882352458,4.9469164652162245,10.746398579264131,1.7826487319697597,0.35854783356863734,-0.9666666666666667,225.88888888888889
361_OR_SNTL,Bourne,-118.1878662109375,44.83052062988281,1783.0799560546875,18,-11.360106518593987,6.4681035947686665,5.462714544721999,9.794438366160236,1.7805190976665022,0.44176494571350583,-0.3333333333333333,218.44444444444446
363_MT_SNTL,Box Canyon,-110.24903106689453,45.27190017700195,2033.0159912109375,18,-12.622347346687137,6.396484609398616,4.478855761482676,10.279044514317516,1.5646563956873087,0.2746279683585916,-0.4222222222222222,218.5
365_MT_SNTL,Brackett Creek,-110.93850708007812,45.89107131958008,2231.135986328125,18,-5.12416630515297,10.335723877400156,4.153007431283016,9.958257613328275,1.8285775605497445,0.2346488259820332,1.8333333333333333,246.88888888888889
369_CO_SNTL,Brumley,-106.54170227050781,39.08766174316406,3230.8798828125,17,1.1458355442757315,7.2550672750140395,0.8287175440952632,9.804087333072626,0.974002071632175,0.2188232398728279,-1.3722222222222225,229.27777777777777
370_ID_SNTL,Brundage Reservoir,-116.13253021240234,45.04315185546875,1905.0,18,-12.854721416441743,5.866341958106428,4.176300474527711,10.578455237288878,1.7651775944470496,0.3702525261594215,0.8472222222222222,242.77777777777777
371_UT_SNTL,Buck Flat,-111.43721771240234,39.13399887084961,2867.86328125,18,-5.669378376402359,6.380283892785567,3.5461894529501308,9.769838894139799,1.2482677612261666,0.31907621533510255,-0.4277777777777778,228.33333333333334
373_NV_SNTL,Buckskin Lower,-117.53182220458984,41.75067138671875,2112.263916015625,17,-4.828578481865251,7.43144448310827,6.672945765064017,10.143808850540376,1.7295434787057964,0.29453131990294856,0.7250000000000001,208.0
374_UT_SNTL,Bug Lake,-111.41986846923828,41.68540954589844,2434.4375,18,-8.204571145756379,5.818669339709966,3.968939027665862,11.246897951020312,1.5878078508178193,0.28797791908276177,0.6416666666666666,234.44444444444446
375_WA_SNTL,Bumping Ridge,-121.33058166503906,46.81003189086914,1405.1280517578125,18,-20.804682634471938,7.47847051346156,5.055252932223119,8.479829001156256,1.6168315469546788,0.47231681724840185,1.0805555555555557,243.0
376_WA_SNTL,Bunchgrass Mdw,-117.17633056640625,48.6868782043457,1524.0,18,-8.315340139702753,4.580446960231535,2.9695192049422516,9.862822161050072,1.411151409415226,0.3047785759391697,1.4972222222222222,250.88888888888889
377_WY_SNTL,Burgess Junction,-107.52916717529297,44.78765106201172,2401.823974609375,17,-3.932740415138113,5.52720624632992,2.5459208523592083,10.438435984078858,1.546813791564809,0.16008747977418544,0.23611111111111116,241.76470588235293
379_WY_SNTL,Burroughs Creek,-109.67021179199219,43.697330474853516,2667.0,17,-14.375742137824393,6.405565596413131,2.303117557525294,10.258733393805091,1.5102130330777732,0.25176532556434017,0.18823529411764717,243.05882352941177
381_MT_SNTL,Calvert Creek,-113.32553100585938,45.8838005065918,1959.864013671875,17,-13.916552940919702,9.606044194306467,3.683472110305309,10.767093943124724,1.5052503175813805,0.24869849856322698,-0.8805555555555555,209.23529411764707
382_ID_SNTL,Camas Creek Divide,-115.34529876708984,43.265480041503906,1740.407958984375,18,-16.602371957178566,4.2934382975331085,6.809981197958636,11.138637246835081,1.5162193963808748,0.3050853416504369,1.7277777777777779,201.83333333333334
384_WY_SNTL,Canyon,-110.5108413696289,44.719608306884766,2398.77587890625,17,-8.890005874170443,7.561507854290902,1.5602130898021307,11.184476888429364,1.359287953031542,0.20860529297858318,0.08055555555555552,234.35294117647058
387_CO_SNTL,Cascade #2,-107.80268096923828,37.65800094604492,2718.81591796875,18,-6.267096191990234,5.5410332285401624,5.553275136538635,9.49561511755902,0.9616256788759914,0.30729663256129897,-0.25277777777777766,187.5
388_OR_SNTL,Cascade Summit,-122.06009674072266,43.59041976928711,1554.47998046875,18,-15.437504687752092,5.425879365148719,5.482865072969828,8.085787864084072,1.571606955876524,0.4233840084878448,0.8555555555555554,240.66666666666666
391_CA_SNTL,Cedar Pass,-120.30249786376953,41.58232879638672,2142.743896484375,18,-13.308191213091561,7.896528869054138,6.06664428328409,9.456876722960601,1.8407313199566298,0.341085983866697,0.027777777777777735,225.27777777777777
392_UT_SNTL,Chalk Creek #1,-111.04765319824219,40.85464096069336,2795.32080078125,17,-11.623604048663056,8.319702200171651,3.1589588369594415,10.2797034633636,1.4146386840421223,0.3240763728849765,0.3472222222222222,242.76470588235293
895_ID_SNTL,Chocolate Gulch,-114.41812133789062,43.76850128173828,1923.2879638671875,18,-9.578707909863658,3.663516300141217,4.1934506222580366,11.512989967277981,1.352379725757769,0.29986367371939376,-0.12777777777777782,218.66666666666666
398_OR_SNTL,Clackamas Lake,-121.75443267822266,45.096580505371094,1036.3199462890625,17,-13.170598191731782,11.191588243759893,5.981008483301997,8.192743924627187,1.310286771518918,0.4106729467675895,1.4305555555555556,204.94117647058823
402_WY_SNTL,Cloud Peak Reservoir,-107.0605697631836,44.4034309387207,3005.327880859375,18,-3.582793855408855,4.923252347414787,0.8987501119169137,9.807433446124936,1.5109687263060583,0.19277301159635915,-1.0388888888888892,251.38888888888889
405_WY_SNTL,Cold Springs,-109.44584655761719,43.27676010131836,2935.22412109375,17,-9.478331395978,8.933961480343788,2.1953729071537293,9.987727393029795,1.6132213836146125,0.2410158129613069,-1.1583333333333334,224.7058823529412
408_CO_SNTL,Columbine,-106.60408020019531,40.394798278808594,2791.968017578125,18,-0.9688247588885189,4.457344380781516,2.6330082147014053,10.746831836975225,1.1847013391390275,0.3164693098213338,-0.7750000000000001,231.33333333333334
409_CO_SNTL,Columbine Pass,-108.38249206542969,38.41794967651367,2865.1201171875,17,-6.634286378594805,8.35103182504773,4.9598325722983265,10.603216889894856,1.1615588335856644,0.3141295121833408,0.3472222222222223,212.0
904_CO_SNTL,Columbus Basin,-108.02445220947266,37.441471099853516,3287.26806640625,18,2.515578225055191,4.479116339076512,2.304781426269138,9.12645564338574,1.0318160491316117,0.26059652509371356,0.02499999999999987,244.72222222222223
414_MT_SNTL,Copper Camp,-112.72955322265625,47.081581115722656,2118.360107421875,17,-6.16918739393029,6.493807687348431,3.7557382039573817,10.12077407621608,1.8122196442689344,0.3463178466666841,1.3027777777777778,251.2941176470588
415_CO_SNTL,Copper Mountain,-106.17095184326172,39.489540100097656,3215.639892578125,18,2.7102604586903776,7.4809874647128485,1.2440877652430835,10.064841837496154,1.0387128009572886,0.23789643953300355,0.37222222222222223,244.11111111111111
417_NV_SNTL,Corral Canyon,-115.54016876220703,40.275508880615234,2574.035888671875,18,-9.46105458356543,4.6967847915284615,5.470491539081387,10.401224697950823,1.7354466397182864,0.2618102271158252,0.8941176470588237,235.44444444444446
419_WY_SNTL,Cottonwood Creek,-110.8148193359375,42.64590072631836,2337.81591796875,18,-12.628249944355264,6.628591933261802,3.2226555645089094,10.684978395687956,1.4457574348098936,0.301120185581028,0.6722222222222222,240.83333333333334
423_ID_SNTL,Cozy Cove,-115.65508270263672,44.28845977783203,1645.9200439453125,18,-8.907779423190133,4.753865488974637,5.026017548571941,11.409340655092867,1.4572871353718926,0.33591672335927153,-0.33888888888888885,212.11111111111111
424_ID_SNTL,Crab Creek,-111.99384307861328,44.4370002746582,2103.1201171875,18,-7.84981539005896,7.113995322975795,4.339421613394216,12.143696320699041,1.507147468001664,0.3092796942693817,0.022222222222222365,224.44444444444446
425_ID_SNTL,Crater Meadows,-115.28903198242188,46.56393814086914,1816.6080322265625,18,-13.379667492955642,6.14119917183363,3.302724505327246,9.044112141317486,1.5615860261156431,0.380830674204538,0.7805555555555557,262.1666666666667
1010_OR_SNTL,Crazyman Flat,-120.94917297363281,42.638099670410156,1883.6639404296875,17,-31.331098773362324,10.97829317444781,4.767234197331901,8.386845266558447,1.484459779989602,0.40086328309392477,0.27647058823529413,213.58823529411765
426_CO_SNTL,Crosho,-107.05750274658203,40.167449951171875,2773.679931640625,18,-4.441423678273333,7.241638798231909,3.877420986659505,10.653308869275385,1.1540551903618255,0.2512008277422388,-0.6611111111111112,217.83333333333334
427_MT_SNTL,Crystal Lake,-109.51204681396484,46.78942108154297,1844.0400390625,17,-6.677210229735143,5.569101410258114,3.7963774733637754,10.23795366323642,1.7125674541067764,0.2600956841283608,1.7999999999999998,239.8235294117647
428_CA_SNTL,Css Lab,-120.36807250976562,39.32564926147461,2101.291259765625,17,-16.47549286365536,8.958516457469308,6.3473417494851825,8.642248455141694,1.4151210285901912,0.49838907445880487,1.5499999999999998,227.77777777777777
431_CO_SNTL,Cumbres Trestle,-106.45178985595703,37.01877975463867,3060.19189453125,17,-2.136646073220001,4.933311149204553,3.2130722311755764,10.508741265489395,1.0554121933178957,0.31257053430953863,0.6611111111111112,233.72222222222223
919_MT_SNTL,Daisy Peak,-110.3302230834961,46.6685791015625,2316.47998046875,17,-3.4724644670144387,8.714403604537743,2.6564383561643843,10.283949406930835,1.742820136317674,0.19598677442371037,0.5805555555555555,241.94117647058823
433_MT_SNTL,Daly Creek,-113.85330200195312,46.18367004394531,1761.7440185546875,18,-9.385177619002842,7.024022964175157,3.7691171993911716,9.631244004538933,1.4966288417680191,0.29949530225974685,-0.6222222222222223,221.16666666666666
437_MT_SNTL,Deadman Creek,-110.67545318603516,46.792789459228516,1965.9599609375,18,-10.972068015388075,6.942957788714379,2.299954337899544,10.253598772281808,1.4618050309423554,0.2861301006406499,-1.6361111111111108,224.33333333333334
439_ID_SNTL,Deadwood Summit,-115.56379699707031,44.54513931274414,2090.927978515625,18,-4.683794396719994,5.149077729234244,2.5938320350971438,10.39359694668835,1.593509259106673,0.34808698195329435,0.41388888888888886,259.8333333333333
440_OR_SNTL,Derr.,-119.93012237548828,44.44649887084961,1783.0799560546875,18,-5.577272206825752,6.36003341779282,5.355380069836155,9.267165023498027,1.7843144231162933,0.36009253453780554,-0.3277777777777777,213.16666666666666
442_OR_SNTL,Diamond Lake,-122.14002990722656,43.187870025634766,1609.343994140625,17,-22.027507931271078,11.21189723630933,6.071949144954786,7.657278868386283,1.507668337998844,0.7093029777353985,0.9055555555555554,209.23529411764707
446_CA_SNTL,Dismal Swamp,-120.18032836914062,41.991268157958984,2243.327880859375,18,-7.147382304573268,5.557738716584757,3.8811406571761125,8.92832091525328,1.7068950586230915,0.3895976102306639,1.2722222222222224,248.44444444444446
448_MT_SNTL,Divide,-112.05644989013672,44.79317092895508,2377.43994140625,17,-10.636844060376427,4.844561671207474,2.672976989882711,11.107984467004075,1.476818287134326,0.16038486645444436,1.8944444444444444,235.05882352941177
449_WY_SNTL,Divide Peak,-107.15241241455078,41.30398178100586,2706.6240234375,17,-5.060015890105028,6.082092854124498,4.66507834183902,11.494064556402956,1.4696778307797607,0.27751896350491384,1.5777777777777777,232.58823529411765
450_ID_SNTL,Dollarhide Summit,-114.6741714477539,43.602500915527344,2566.416015625,17,-12.713433362629607,4.583764986274142,3.4705909213000274,10.463969692860045,1.8441857803523627,0.2999767388997274,-0.6138888888888889,250.64705882352942
451_WY_SNTL,Dome Lake,-107.29537200927734,44.57461929321289,2706.6240234375,18,-4.3104159398625645,5.93621494805046,2.1982800608828006,10.154803106532798,1.5969163030512252,0.2031996320687116,-0.5916666666666666,241.16666666666666
453_NV_SNTL,Dorsey Basin,-115.2110366821289,40.893428802490234,2408.83447265625,17,-18.551410467539625,8.553185900100054,4.865869818246933,10.314793619556108,1.61510066505731,0.29225581051895694,-0.5166666666666666,223.23529411764707
454_NV_SNTL,Draw Creek,-115.32396697998047,41.66197967529297,2220.468017578125,17,-11.27464585513493,4.786867063125086,6.204318761751276,10.537396159546507,1.5245296794642078,0.31272589176414184,0.8944444444444444,214.72222222222223
455_UT_SNTL,Dry Bread Pond,-111.5376968383789,41.41289138793945,2530.44970703125,18,-6.246279362797096,4.704563708490045,4.485138329304325,10.902342402290097,1.591535252524139,0.2932799283569663,-0.36111111111111116,228.72222222222223
457_CO_SNTL,Dry Lake,-106.78130340576172,40.53396987915039,2560.320068359375,18,-3.147387849391108,6.8468991245346755,4.319054525919956,11.042934578586058,1.196024923944069,0.3099836822272867,0.9527777777777776,229.22222222222223
460_WY_SNTL,East Rim Divide,-110.20230102539062,43.1309700012207,2417.06396484375,18,-13.401823862768392,6.17771178763599,3.68683678037425,11.395413106676115,1.4425757583171626,0.2556499681113084,-0.875,223.0
462_CA_SNTL,Ebbetts Pass,-119.80467987060547,38.54970169067383,2639.872802734375,18,-17.036110551721368,9.9617547267089,5.311681439699167,8.359873930911665,1.501758564809656,0.37469507355964754,0.13888888888888895,238.33333333333334
936_CO_SNTL,Echo Lake,-105.59345245361328,39.65626907348633,3230.8798828125,17,1.3727459543396334,2.4729279884344235,2.755210851463873,9.805256761410641,7.98523590405751,0.1602658979098433,-0.058333333333333265,241.7058823529412
463_CA_SNTL,Echo Peak,-120.07949829101562,38.8489990234375,2332.634521484375,17,-19.367987776664652,8.628926797114902,6.957398155609276,8.378618590188344,1.536774131066308,0.46956206938732276,1.5666666666666667,232.38888888888889
464_OR_SNTL,Eilertson Meadows,-118.1138687133789,44.86886978149414,1679.447998046875,18,-19.890630351453503,9.71648770227638,3.937239681260633,8.90030678470298,1.331924335514436,0.3465664387866958,-0.8777777777777778,203.11111111111111
465_CO_SNTL,El Diente Peak,-108.02155303955078,37.786170959472656,3048.0,18,-1.740409567031899,4.298242042349678,2.3615789238069658,9.245596226175401,0.9616485231742561,0.3467080086667968,-1.9638888888888886,219.77777777777777
466_ID_SNTL,Elk Butte,-116.12232971191406,46.83998107910156,1734.31201171875,18,-11.401409082747469,4.5149162901141295,4.719366102605427,9.821063415443811,1.7773298729465763,0.3653094008102615,0.9444444444444444,251.66666666666666
467_CO_SNTL,Elk River,-106.96871185302734,40.847808837890625,2651.760009765625,18,-1.7482823961245857,6.2508676962586005,3.8907897976542216,11.094449517785344,1.324596977416603,0.29305275099110223,-0.10555555555555557,227.22222222222223
469_MT_SNTL,Emery Creek,-113.93724822998047,48.434120178222656,1325.8800048828125,18,-9.974183516650147,5.70143104744986,4.5260703733548215,10.061190908153812,1.3977221993453832,0.31406709998412674,0.40277777777777773,222.05555555555554
471_ID_SNTL,Emigrant Summit,-111.56085205078125,42.36054992675781,2252.471923828125,18,-4.875631222290097,5.25078928757542,4.654025427522608,11.13500194551195,1.529010113468847,0.33611287366242215,1.4055555555555557,234.22222222222223
476_NV_SNTL,Fawn Creek,-116.10153198242188,41.820980072021484,2143.048828125,17,-7.393035331453817,4.812218275400951,6.385554324469514,10.293497996038406,1.7690458970023335,0.29724333364157063,0.6722222222222222,223.5
477_OR_SNTL,Fish Creek,-118.6321029663086,42.70991897583008,2334.76806640625,18,-8.936842380337257,5.963320715536173,4.301077983704898,9.272831893188002,1.7906173045278801,0.3518402123078698,0.7666666666666668,247.83333333333334
483_OR_SNTL,Fourmile Lake,-122.22879791259766,42.4393310546875,1819.656005859375,18,-14.691717978399437,5.968783239240838,5.6799122571403,8.68059450608814,1.7768124344737022,0.4933487751478872,0.17777777777777776,238.27777777777777
484_ID_SNTL,Franklin Basin,-111.6011962890625,42.050498962402344,2481.072021484375,18,-3.8786230862197795,5.581316260950064,3.615163398692811,10.782562527868105,1.639298878382085,0.32863658687721986,0.38055555555555554,241.11111111111111
487_MT_SNTL,Frohner Meadow,-112.1927719116211,46.43545150756836,1975.10400390625,18,-12.68721587344359,5.8516169368689415,4.187412480974125,9.653133540306627,1.7202582758348621,0.2290845446823019,0.6361111111111111,224.44444444444446
489_ID_SNTL,Galena,-114.67250061035156,43.877220153808594,2276.85595703125,18,-6.440048603611447,6.271971232330131,2.6830960694780197,10.290662333653302,1.4606980955817404,0.37169835193208123,-0.29166666666666674,238.88888888888889
491_NM_SNTL,Gallegos Peak,-105.55795288085938,36.194461822509766,2987.0400390625,17,-10.57351228827609,4.596192324705531,5.371118273793535,9.87977167843957,0.9769962652846849,0.27521840315844476,1.0194444444444446,203.66666666666666
492_ID_SNTL,Garfield R.S.,-113.93080139160156,43.61040115356445,1999.488037109375,18,-14.824725049219268,6.968019489297223,4.6969558599695596,10.967188162158271,1.3658198337213583,0.26181559837926144,-0.38055555555555554,200.61111111111111
918_MT_SNTL,Garver Creek,-115.81915283203125,48.9752311706543,1295.4000244140625,17,-7.916699829435633,7.761502400762734,3.6841588324827654,10.010660921582064,1.2881401464641735,0.26133991660270856,0.24166666666666656,221.1764705882353
493_ID_SNTL,Giveout,-111.16629791259766,42.41320037841797,2112.263916015625,18,-10.103603668731562,6.425753725143494,4.446842152386069,11.286720698640359,1.3600939864842272,0.2724619726004124,-0.11944444444444438,205.0
494_OR_SNTL,Gold Center,-118.31169891357422,44.76380157470703,1648.968017578125,18,-5.121069004484827,8.19308119719144,5.898720230101174,9.55664835574351,1.6457187015673898,0.32655568840446086,0.03888888888888897,195.66666666666666
496_ID_SNTL,Graham Guard Sta.,-115.27387237548828,43.953800201416016,1734.31201171875,18,-9.518791090880173,6.866971897921361,4.842795236816189,10.409651270990883,1.3776359600515555,0.33093517515465587,-0.7888888888888889,205.33333333333334
497_WY_SNTL,Granite Creek,-110.43495178222656,43.342979431152344,2063.49609375,18,-10.97160299107874,5.791043745783396,3.0117673918882626,11.588925661454045,1.2714744055093892,0.3398533167601825,-0.22222222222222218,229.16666666666666
498_NV_SNTL,Granite Peak,-117.56668090820312,41.670318603515625,2591.71435546875,18,-8.04917556147266,6.504582900233945,4.340000335750739,9.78994019848507,1.8589929032510724,0.32084419141376563,-1.0722222222222222,235.72222222222223
499_WY_SNTL,Grassy Lake,-110.8343505859375,44.126121520996094,2214.3720703125,18,-9.417104081710393,6.2905791954438195,2.2965386337183276,11.318592002066534,1.467910424691396,0.3022362482827004,0.686111111111111,246.66666666666666
500_MT_SNTL,Grave Creek,-114.76663208007812,48.91453170776367,1310.6400146484375,18,-15.687868648575789,7.9971468963715076,4.397534246575343,9.921718354679001,1.3850358889360586,0.3371328201229215,0.4944444444444445,226.5
502_WA_SNTL,Green Lake,-121.17092895507812,46.54740905761719,1804.416015625,17,-10.239983032821113,4.88803837041591,3.805460426179605,8.298715101901074,1.6959815371443434,0.3227531571947967,-0.3416666666666668,243.44444444444446
503_NV_SNTL,Green Mountain,-115.52757263183594,40.38479995727539,2494.7880859375,18,-18.245105746221505,8.348243535497517,5.885433789954338,9.938841421862913,1.6441570779278234,0.3900481043331057,-0.10555555555555562,221.61111111111111
504_OR_SNTL,Greenpoint,-121.70414733886719,45.622371673583984,1008.8880004882812,17,-17.816428687116773,8.36804381709572,6.895155676425821,8.795303468973398,1.5227201455982269,0.5576242895081932,2.236111111111111,217.11764705882354
505_CO_SNTL,Grizzly Peak,-105.8697280883789,39.64630889892578,3383.280029296875,17,3.2381184065449906,8.158821054992538,0.9707229832572296,10.086782346277731,1.10238268842407,0.2521769042092831,-1.0388888888888888,243.2941176470588
506_WY_SNTL,Gros Ventre Summit,-110.12943267822266,43.38938903808594,2667.0,17,-9.460793065020864,6.696900752995487,0.14141910645536787,11.38564872103095,1.2392110378572587,0.22676802043445804,-0.6499999999999999,238.05882352941177
507_WA_SNTL,Grouse Camp,-120.48770904541016,47.281070709228516,1642.8719482421875,17,-11.715879615989962,4.509803770539533,4.300833557167159,9.081747677702065,1.6522109556243725,0.33149658508945573,-0.6388888888888888,227.27777777777777
944_WY_SNTL,Gunsight Pass,-109.8781509399414,43.38331985473633,2993.135986328125,17,-13.627977230015762,6.59574914390226,0.8844910018802044,10.755883269025682,1.5713660881520317,0.22228064569590664,-0.6833333333333336,251.1764705882353
508_CA_SNTL,Hagans Meadow,-119.9374008178711,38.851898193359375,2359.76171875,17,-16.89493628529016,9.613334552671251,4.667554839287313,8.219657065286473,1.2159954712405792,0.44446530458074773,-0.172222222222222,214.7058823529412
509_WY_SNTL,Hams Fork,-110.67832946777344,42.145999908447266,2389.632080078125,18,-12.51358847821219,5.30891473306078,3.7792353836511783,11.01167411653661,1.4100051134134062,0.2740018553100447,-0.7055555555555555,218.05555555555554
510_MT_SNTL,Hand Creek,-114.84075164794922,48.30754089355469,1534.66796875,17,-14.809030000239728,7.528555160231828,4.27613394216134,9.952011936512912,1.4052949943695656,0.268439787095813,-0.1611111111111112,218.11764705882354
512_WY_SNTL,Hansen Sawmill,-106.97982788085938,44.256019592285156,2548.1279296875,17,-11.943741422965612,9.13701581923904,3.1852207001522075,10.104848646503578,1.5949445521138856,0.2030356332528135,0.4194444444444445,220.7058823529412
516_MT_SNTL,Hawkins Lake,-115.953369140625,48.9723014831543,1965.9599609375,18,-9.701792827891502,5.7212405095865,2.738724147193124,9.85958700314086,1.6262651765240657,0.24475424718983219,1.8527777777777776,250.72222222222223
518_CA_SNTL,Heavenly Valley,-119.91641235351562,38.92430877685547,2601.1630859375,17,-10.87945049673029,8.341860134587451,4.27123332437998,8.251154890548065,1.44891143525694,0.38493915584873006,-0.7222222222222224,231.27777777777777
520_ID_SNTL,Hemlock Butte,-115.63361358642578,46.481109619140625,1770.887939453125,18,-9.25487891798065,6.697336390681379,5.447990867579909,9.732116100864298,1.811824306762246,0.33488770796844597,2.1222222222222222,256.44444444444446
988_ID_SNTL,Hidden Lake,-116.75747680664062,48.893699645996094,1536.1920166015625,18,-14.508238386473835,6.40516219348817,3.9072468439430565,9.809326567550203,1.4772621478626657,0.32005448986793394,1.6916666666666669,245.0
523_OR_SNTL,High Ridge,-118.1065673828125,45.69681930541992,1499.615966796875,17,-10.230810317138197,5.838517563805593,5.706873041454026,9.14730584445064,1.5769369998750828,0.3736916448143568,1.888235294117647,233.5
524_ID_SNTL,Hilts Creek,-113.47229766845703,44.01897048950195,2438.39990234375,18,-6.069965847533444,4.775956295107646,3.667823439878234,11.180549180478174,1.7052021327236029,0.27545008059465625,0.34444444444444444,229.77777777777777
530_MT_SNTL,Hoodoo Basin,-115.03489685058594,46.975101470947266,1844.0400390625,17,-8.787559751839872,6.077209677639414,3.895343361088728,9.627345194326589,1.7208668097616484,0.3725710783812353,2.186111111111111,273.70588235294116
532_NM_SNTL,Hopewell,-106.26348114013672,36.71630859375,3048.0,18,-1.5161968494299929,3.286512783851442,4.0421756647864635,10.11253849851608,0.9904758341901303,0.2572049956550588,1.0527777777777778,223.94444444444446
535_ID_SNTL,Humboldt Gulch,-115.77642822265625,47.53178024291992,1295.4000244140625,18,-14.596680243725336,12.001842845515124,4.937793893813234,9.351350083304883,1.507498116668731,0.489347203358496,0.45555555555555544,221.11111111111111
537_ID_SNTL,Hyndman,-114.15894317626953,43.71076965332031,2322.575927734375,18,-9.20187030181096,8.40912431325542,3.3791324200913246,10.523314793123838,1.4269001059039415,0.2923763502782423,-0.8916666666666667,223.05555555555554
538_CO_SNTL,Idarado,-107.67552185058594,37.93389892578125,2987.0400390625,18,-0.39045581055014084,5.197232904757486,2.702843584922553,9.894565126687803,0.9868537187236586,0.2785770568378242,0.44722222222222213,224.22222222222223
541_CA_SNTL,Independence Lake,-120.31342315673828,39.427520751953125,2541.42236328125,18,-4.002168187984364,5.646885608146214,5.364909123466739,8.831107129844801,1.7107058459561537,0.3722258375215333,2.4833333333333334,270.44444444444446
542_CO_SNTL,Independence Pass,-106.61168670654297,39.07538986206055,3230.8798828125,17,1.588532207051141,5.408011079801373,0.24266250335750794,10.531809307303693,1.0335540103501895,0.23876189554810942,-1.2166666666666668,236.33333333333334
544_WY_SNTL,Indian Creek,-110.67752838134766,42.300228118896484,2872.739990234375,17,-9.859654019919848,5.733532526180601,2.014821380607037,11.057831442112807,1.6406933623304094,0.29473269788608647,-0.38611111111111107,254.64705882352942
545_OR_SNTL,Irish Taylor,-121.94792938232422,43.803680419921875,1688.592041015625,18,-5.880114643242101,5.886019694558757,3.7574733637747344,8.112908374892653,1.6236830341023565,0.3604207944559219,1.8027777777777776,266.22222222222223
546_ID_SNTL,Island Park,-111.38511657714844,44.4202995300293,1917.1920166015625,18,-10.936722620970864,5.5213968180792605,3.978931864983436,11.671271507195762,1.2621244474816455,0.3140970396051349,-0.6111111111111112,218.72222222222223
547_CO_SNTL,Ivanhoe,-106.54923248291016,39.29201889038086,3169.919921875,17,3.051523525678789,4.40138944854387,1.5202069343719224,10.752776384322534,1.209052080972598,0.19186352835737022,-0.07777777777777783,241.8235294117647
548_NV_SNTL,Jack Creek Upper,-116.00517272949219,41.546749114990234,2248.509521484375,17,-9.193807533793805,6.8573132550378455,6.407866192138955,10.22755957747902,1.7217821920196443,0.2887372944082667,1.8833333333333333,229.77777777777777
550_ID_SNTL,Jackson Peak,-115.44322204589844,44.05091857910156,2154.93603515625,18,-4.638039184100491,3.119059596517283,4.848123377204763,10.703678012397761,1.8332765484052524,0.3523522514826275,1.1972222222222224,247.72222222222223
935_CO_SNTL,Jackwhacker Gulch,-105.80000305175781,39.56666946411133,3340.60791015625,17,0.04501765715029035,0.631649328422272,-0.27425821470140516,6.2456147139988225,16.879423616129653,0.21793490780254476,-6.475,242.64705882352942
551_CO_SNTL,Joe Wright,-105.88700103759766,40.53215026855469,3084.575927734375,17,-0.29266651317721704,3.5869816308729923,1.3969155698809212,9.73307421399822,1.1832611523008814,0.2458129541161855,0.09444444444444444,256.8235294117647
553_WA_SNTL,June Lake,-122.15412902832031,46.14778137207031,1048.511962890625,17,-28.62908976754317,15.34489548346619,6.770809606947802,7.216564393793328,1.4585608717439316,0.6270509996390776,2.3529411764705883,246.61111111111111
554_WY_SNTL,Kelley R.S.,-110.80177307128906,42.265541076660156,2493.263916015625,18,-14.604015613672932,5.543130951706245,2.3256262870444986,10.938178924359267,1.416461997778956,0.26983374691084694,-0.5555555555555556,234.72222222222223
555_WY_SNTL,Kendall R.S.,-110.01661682128906,43.249298095703125,2359.152099609375,18,-9.6975608211307,6.507270220295197,2.089888978422419,11.367544465155138,1.181950658623991,0.2694068134268774,-1.6583333333333337,220.88888888888889
556_CO_SNTL,Kiln,-106.61453247070312,39.31724166870117,2926.080078125,18,-0.5158415889457677,5.926316169317779,2.0047972065538544,10.905282524817473,1.0418004155723148,0.2441103802601867,-0.7055555555555554,223.5
562_MT_SNTL,Kraft Creek,-113.775146484375,47.427490234375,1447.800048828125,18,-14.457509219060126,9.0480382334771,6.05662100456621,10.358358986248911,1.6673681051749474,0.363257372189492,1.2472222222222225,209.38888888888889
564_CO_SNTL,Lake Eldora,-105.58956146240234,39.9367790222168,2956.56005859375,17,0.43459538640780343,7.737959236676406,3.83291677858358,10.164022463811351,1.3537430854040435,0.28105222498252286,-0.3194444444444446,225.5
568_MT_SNTL,Lakeview Ridge,-111.82498168945312,44.58906936645508,2255.52001953125,18,-17.957343901477014,8.239882394376847,3.337973856209151,11.363253467516754,1.5141726739751928,0.2676113836370895,0.8805555555555555,223.16666666666666
570_NV_SNTL,Lamoille #3,-115.3812026977539,40.644798278808594,2453.94482421875,18,-10.904949482381765,8.874756262381258,5.450575700599876,9.964503052796708,1.6111978985229398,0.31301807776031043,-0.17777777777777784,214.83333333333334
573_NV_SNTL,Laurel Draw,-116.02957153320312,41.776371002197266,2036.673583984375,18,-11.406380548454583,6.350048931271451,6.133796221685021,10.080332040854081,1.537571933794111,0.2847994613162438,0.6416666666666666,201.11111111111111
574_CA_SNTL,Leavitt Lake,-119.61280822753906,38.27593994140625,2927.29931640625,18,-4.22547558292612,5.849313793704079,3.4196042617960427,9.009735641685369,1.6684915980323798,0.3321858285626682,0.536111111111111,271.22222222222223
577_WY_SNTL,Lewis Lake Divide,-110.6662826538086,44.2086181640625,2392.679931640625,18,-5.521879742566316,5.804575102640777,3.0450022383382573,11.201354323239158,1.4997854799668735,0.2965670948945638,1.2222222222222223,248.77777777777777
578_MT_SNTL,Lick Creek,-110.96624755859375,45.50410079956055,2090.927978515625,18,-4.406763831055354,6.051606560179589,3.9153254543826668,9.736212882020086,1.6598783457240085,0.21889852269059848,1.5499999999999998,234.38888888888889
580_CO_SNTL,Lily Pond,-106.54834747314453,37.37929153442383,3352.800048828125,17,-2.0230740682536807,4.1273064905006995,2.670396633539261,9.26481588246316,1.0437700764700681,0.34801389945544803,-1.8166666666666664,223.22222222222223
586_CO_SNTL,Lizard Head Pass,-107.92426300048828,37.799259185791016,3108.9599609375,18,-2.7489626373678817,5.677596717970732,2.1174058778762657,9.609181120173991,0.9588806334074359,0.29636236122933846,-1.333333333333333,225.61111111111111
587_CA_SNTL,Lobdell Lake,-119.36572265625,38.43745040893555,2819.09521484375,18,-13.546893905663483,6.656739595582364,3.9487062404870628,8.905488890958981,1.4402826005060645,0.32397178315134756,-1.1111111111111114,220.72222222222223
588_ID_SNTL,Lolo Pass,-114.58071899414062,46.63447952270508,1597.1519775390625,18,-13.97482548955231,6.3419369988934715,4.40447488584475,9.816817997702564,1.587510930998887,0.37662607946508236,1.5555555555555551,241.38888888888889
589_CO_SNTL,Lone Cone,-108.19544219970703,37.89183044433594,2926.080078125,18,0.8226600214587513,3.5116376951412165,3.2589834586802757,10.064204870321497,1.1469315588599762,0.2690346330911285,-1.083333333333333,213.27777777777777
591_WA_SNTL,Lone Pine,-121.96288299560547,46.27143096923828,1197.864013671875,17,-38.84655651390959,13.394489447475493,5.854157937147463,7.422038960197297,1.5330590989284874,0.5854388938850236,2.5027777777777773,259.1666666666667
594_ID_SNTL,Lookout,-115.7045669555664,47.457489013671875,1581.9119873046875,18,-12.049005232222902,5.126241043729572,5.101266004118544,10.362417911530207,1.8268039526942774,0.43173959253801647,1.6111111111111116,242.11111111111111
597_WY_SNTL,Loomis Park,-110.14006805419922,43.17387008666992,2511.552001953125,18,-12.128543279970412,6.737838730429044,1.7102018981108427,11.040307523404516,1.3379650885938352,0.2946272024688812,-0.5777777777777777,233.16666666666666
940_CO_SNTL,Lost Dog,-106.74835205078125,40.815879821777344,2840.736083984375,17,-0.99348736860616,0.6889377391689931,5.984964746172442,10.313021850724011,8.120639591566169,0.3586536645573808,2.9382352941176473,242.38888888888889
599_WA_SNTL,Lost Horse,-121.08094787597656,46.35749816894531,1560.5760498046875,17,-7.156902149163657,5.172456382401827,5.103384367445608,9.288007050935105,1.8314938938993182,0.4350922005891579,-0.5694444444444444,221.8235294117647
600_ID_SNTL,Lost Lake,-115.96040344238281,47.08089828491211,1862.3280029296875,18,-13.851828333605633,6.658179048600709,4.309769898827112,9.505462968810251,1.7638163897287042,0.35529766871218216,2.311111111111111,271.94444444444446
601_ID_SNTL,Lost-Wood Divide,-114.26402282714844,43.82432174682617,2407.919921875,18,-11.068563716182402,5.114716898884939,2.3298477929984776,11.134416448007258,1.5462783391295256,0.30291114026295723,-0.5916666666666668,235.94444444444446
607_CO_SNTL,Lynx Pass,-106.67028045654297,40.078060150146484,2706.6240234375,18,-4.023405610801566,6.183077145393812,2.6211952726296,11.295394092749861,1.1006010291142265,0.23559429212963462,-1.6138888888888894,216.38888888888889
609_MT_SNTL,Madison Plateau,-111.11627197265625,44.58623123168945,2362.199951171875,18,-7.7656240295245995,5.873360857986521,2.508155609275674,11.338581051215964,1.532216887668506,0.23565974598988143,2.011111111111111,248.5
610_ID_SNTL,Magic Mountain,-114.28662109375,42.180721282958984,2097.02392578125,18,-9.042175665966782,5.4781476931623505,5.060302623332438,10.034395263515162,1.5249044858530065,0.370591553274146,-0.03333333333333338,228.16666666666666
905_CO_SNTL,Mancos,-108.16954040527344,37.430870056152344,3048.0,18,-2.7280252768078723,7.764776410900711,4.801886471483571,9.641983422677757,1.1470211682622935,0.33370557519693445,-0.2777777777777779,210.88888888888889
613_MT_SNTL,Many Glacier,-113.67050170898438,48.79698181152344,1493.52001953125,18,-12.555552697593384,7.137466717807176,5.2230360820127135,10.03997902245561,1.5587826743272282,0.3311640995223253,-0.1777777777777778,214.55555555555554
615_NV_SNTL,Marlette Lake,-119.89672088623047,39.1639518737793,2403.043212890625,18,-14.142951370629678,6.49975810002422,5.317954158832484,8.590788989613456,1.290070512126516,0.4127618979716226,0.3861111111111111,229.72222222222223
618_CO_SNTL,Mc Clure Pass,-107.2880630493164,39.128971099853516,2895.60009765625,17,-5.708176986751127,6.602411767961372,5.37431730683141,10.28348843003699,1.0706287187845227,0.29639902619982134,1.4000000000000001,221.5
619_OR_SNTL,Mckenzie,-121.87291717529297,44.21030044555664,1453.89599609375,17,-12.04161515847972,8.39966913358233,4.721637120601665,7.641206052369988,1.4543181277565285,0.5034113674727315,1.1070261437908497,251.44444444444446
897_WA_SNTL,Meadows Pass,-121.47196960449219,47.283119201660156,984.5040283203125,18,-26.640884038972235,11.451867027396654,6.016351508639986,7.095343997717319,1.2473168637476733,0.5178474163505083,2.7944444444444443,231.72222222222223
622_CO_SNTL,Mesa Lakes,-108.058349609375,39.058311462402344,3048.0,18,2.743031799444952,6.890891683991519,2.572580915928016,10.463044839254215,1.1993231259922466,0.2380516165893057,0.11666666666666654,238.05555555555554
623_ID_SNTL,Mica Creek,-116.26643371582031,47.15045166015625,1374.64794921875,18,-11.67210438906347,4.693439667673378,5.711275852806876,9.669971556012369,1.7468800385879917,0.40329455797212543,1.622222222222222,232.61111111111111
937_CO_SNTL,Michigan Creek,-105.91078186035156,39.435768127441406,3230.8798828125,18,-1.7386675615195812,6.862296928472911,2.0190679559495037,9.573061900191608,1.086006347174097,0.21658561342169014,0.4944444444444444,242.44444444444446
624_CO_SNTL,Middle Creek,-107.03482055664062,37.619781494140625,3429.0,18,4.363926803196469,4.452699945195734,1.0277034649476227,9.774948170607617,0.9936306472973959,0.2622509364033962,-1.2916666666666665,239.5
1014_CO_SNTL,Middle Fork Camp,-106.02729797363281,39.79560089111328,2724.912109375,17,-6.301861144506537,7.2468035095016345,2.8633165010296353,11.07043957624758,1.1162664036418268,0.23091579962460468,-0.9441176470588233,222.8235294117647
625_WY_SNTL,Middle Powder,-107.18138122558594,43.627281188964844,2365.248046875,17,-3.0860334753253142,5.407354087244771,4.221750380517504,10.992587876569232,1.7015153510740444,0.21403525878640572,1.4249999999999998,234.8235294117647
629_CO_SNTL,Mineral Creek,-107.72657012939453,37.847469329833984,3060.19189453125,18,-0.15746734239873797,5.382628684159537,1.87246429850479,9.742269343584322,0.9324311217311062,0.2629786108327737,-0.45277777777777783,228.33333333333334
632_CO_SNTL,Molas Lake,-107.68865966796875,37.74932098388672,3200.39990234375,17,0.8805906190791746,5.768146064185434,1.9257949905989795,9.331475232955343,0.9990504568439121,0.2978555012306746,-0.6794117647058824,230.83333333333334
633_CA_SNTL,Monitor Pass,-119.60870361328125,38.66830062866211,2531.668701171875,17,-12.033991339252458,7.896078446314404,5.810865789238072,8.791351450587019,1.4687174716792777,0.37449509349739896,0.3916666666666667,217.55555555555554
636_ID_SNTL,Moonshine,-113.39811706542969,44.41469955444336,2267.7119140625,18,-2.6098768859130086,6.714102851227035,2.232100456621005,11.405786527066248,1.39215780567237,0.2876590603952849,-2.425,218.77777777777777
638_ID_SNTL,Moose Creek,-113.9531478881836,45.67007827758789,1889.760009765625,18,-10.013726742647052,7.202096808815596,3.147117020324112,10.825433190417575,1.5594947125621663,0.3223526739809605,-0.9555555555555556,228.22222222222223
637_ID_SNTL,Mores Creek Summit,-115.66587829589844,43.93199920654297,1859.280029296875,18,-10.041042725905251,5.705063475648614,4.940960694780196,11.326151432833456,1.7378763798798065,0.36790357251420835,1.4333333333333336,236.27777777777777
639_ID_SNTL,Morgan Creek,-114.26870727539062,44.842369079589844,2316.47998046875,18,-12.5239136428141,6.896458074884611,2.739383113976184,10.341870016519417,1.6382640761392626,0.29612421419659063,-2.6194444444444445,221.33333333333334
642_WA_SNTL,Morse Lake,-121.48269653320312,46.90584945678711,1648.968017578125,17,-8.910695990126445,5.274088679608121,3.0572181932133584,7.800934446302603,1.5217625083998647,0.42423238029770555,1.0833333333333335,270.70588235294116
989_ID_SNTL,Moscow Mountain,-116.85350036621094,46.80500030517578,1432.56005859375,18,-14.584435020441287,8.711603778953696,6.521211388665056,10.041118750836562,1.7422241834910668,0.43523127487038943,0.736111111111111,217.0
644_WA_SNTL,Moses Mtn,-119.08158874511719,48.361629486083984,1527.0479736328125,18,-8.69660366897122,5.157883032794852,4.395183991404782,9.991349287756357,1.688370275006688,0.2813215490517693,0.8138888888888889,228.72222222222223
645_ID_SNTL,Mosquito Ridge,-116.23055267333984,48.05725860595703,1603.248046875,18,-13.368569692762575,5.479720580862149,4.791847076730236,10.05581424295596,1.7167662728038948,0.38212002150453384,1.6472222222222221,251.38888888888889
646_MT_SNTL,Moss Peak,-113.9623031616211,47.68492889404297,2066.5439453125,17,-9.465893998170984,3.789298510900087,2.768049959709912,9.684175345426805,1.711496085369878,0.31344874712664994,2.894444444444444,274.8235294117647
647_OR_SNTL,Moss Springs,-117.68746948242188,45.271728515625,1755.64794921875,18,-8.366339413551223,4.216343395085807,3.631742322499777,8.71537642030813,1.5942860319365866,0.3680386485066947,0.5111111111111111,243.16666666666666
649_MT_SNTL,Mount Lockhart,-112.82379913330078,47.91727066040039,1950.719970703125,18,-9.605540644892615,4.671967268568872,2.703257229832572,9.507130905660468,1.6538307339607408,0.2988507540489387,1.0583333333333336,250.22222222222223
651_OR_SNTL,Mt Hood Test Site,-121.7157974243164,45.32096862792969,1636.7760009765625,17,-10.311828046819757,7.9030040238279815,4.646011281224819,7.591872034664389,1.781464818229974,0.3932709918502085,1.5416666666666667,271.5882352941176
652_NV_SNTL,Mt Rose Ski Area,-119.89472961425781,39.315731048583984,2682.544921875,18,-7.822429975341386,4.330104568510507,4.4090688512848075,8.695480125464163,1.6301421922967994,0.41940093959085195,-1.011111111111111,251.66666666666666
655_OR_SNTL,Mud Ridge,-121.73673248291016,45.25362014770508,1240.5360107421875,18,-18.0564404753772,8.557528985044259,5.82769988360641,7.865147365845628,1.5530383115806472,0.46255697192842277,1.4166666666666665,235.88888888888889
657_MT_SNTL,N Fk Elk Creek,-113.27725219726562,46.87160110473633,1905.0,18,-5.438955428628903,5.252661670853782,3.9795585996955865,10.35918280278641,1.7245696574292715,0.26229075954402403,1.0583333333333333,229.66666666666666
658_CO_SNTL,Nast Lake,-106.60694122314453,39.297218322753906,2651.760009765625,17,-0.03639793226673365,5.273975624854212,3.1812373533888443,10.968881495915047,1.1958414316164672,0.23138819076631087,-1.2235294117647058,202.33333333333334
660_OR_SNTL,New Crescent Lake,-121.97982025146484,43.51184844970703,1496.5679931640625,17,-9.084568711206371,16.009265533276572,5.854090786999732,8.395039372402291,1.5203390515621789,0.6801726111429576,0.7722222222222223,195.2941176470588
661_WY_SNTL,New Fork Lake,-109.94947052001953,43.11265182495117,2542.031982421875,18,-10.395323866607136,5.827351675728863,2.3183660130718953,11.104627085988474,1.3673208614731085,0.2688341480865215,-1.6972222222222224,225.77777777777777
662_MT_SNTL,Nez Perce Camp,-114.48075103759766,45.73107147216797,1722.1199951171875,18,-10.045438088975963,5.700068815832436,4.279558599695586,9.897377557525392,1.597103213819464,0.3457091472374729,0.6138888888888889,232.22222222222223
663_CO_SNTL,Niwot,-105.54425811767578,40.03522872924805,3020.568115234375,18,3.1284794735404486,5.825251963114443,2.6759897931775454,9.416746240710053,1.2364772497655305,0.2331391100704782,0.09444444444444458,241.38888888888889
664_MT_SNTL,Noisy Basin,-113.94637298583984,48.15678024291992,1840.991943359375,18,-10.144375267652226,4.819427064951876,3.4666362252663627,10.010743315032347,1.6538545878097102,0.30850546422715586,2.3722222222222222,269.8333333333333
666_OR_SNTL,North Fork,-122.0028305053711,45.550498962402344,932.68798828125,17,-21.42486989554782,7.636951503857364,6.586727549467276,7.094012720448849,1.2758719605897682,0.5751434941777511,2.9916666666666667,236.58823529411765
667_MT_SNTL,North Fork Jocko,-113.75617218017578,47.27259826660156,1929.384033203125,18,-9.568424857724434,5.396355425892794,2.8422222222222224,9.576936555757298,1.6327956523437133,0.36461711680969144,1.7694444444444444,266.44444444444446
920_SD_SNTL,North Rapid Creek,-103.78758239746094,44.20616912841797,1868.4239501953125,18,-9.974260932838037,7.398989243692704,5.598614916286149,10.822174274535664,1.5854633278103851,0.2081720725413851,-0.511111111111111,205.05555555555554
670_MT_SNTL,Northeast Entrance,-110.0140609741211,45.00564956665039,2240.280029296875,18,-7.6393779087584415,12.013967907066181,3.2000152207001524,10.566278605864618,1.4542055368038789,0.23781944965120105,-1.0194444444444446,215.77777777777777
671_OR_SNTL,Ochoco Meadows,-120.33110046386719,44.429168701171875,1655.06396484375,17,-9.614738141141526,9.196586257814467,5.802494404154357,9.225850364592942,1.7412442082872428,0.46549821054632456,0.33888888888888896,203.05882352941177
672_WA_SNTL,Olallie Meadows,-121.44213104248047,47.374061584472656,1228.343994140625,18,-14.82620520537816,5.2892869326755765,4.766174232249978,7.693334718695455,1.4364799333999285,0.5029946595952135,3.0444444444444443,265.3333333333333
1008_MT_SNTL,Onion Park,-110.85359954833984,46.91347885131836,2258.568115234375,17,-5.970013947904317,8.389944090142999,2.042266988987376,10.295997527775723,1.7036387683566927,0.23626536938928186,0.2529411764705882,248.8235294117647
675_CO_SNTL,Overland Res.,-107.63471984863281,39.09056091308594,2999.23193359375,17,-5.404763008459706,4.0699126001607935,2.3888629241650996,10.560523078042936,1.1919147865490138,0.3202056997046909,-2.5138888888888893,225.5
677_ID_SNTL,Oxford Spring,-112.12515258789062,42.26015090942383,2054.35205078125,17,-14.87427920877042,7.575302920961888,7.366412391440596,11.484888668176517,1.711955996651538,0.3485388423270594,0.952777777777778,198.0
680_CO_SNTL,Park Cone,-106.58973693847656,38.81996154785156,2926.080078125,18,0.5046088637965445,4.427973171454659,1.6739421613394216,11.73418871651093,1.1244313005826656,0.2306950865734382,0.3638888888888889,225.72222222222223
682_CO_SNTL,Park Reservoir,-107.87413787841797,39.04644012451172,3035.80810546875,18,0.596481665464414,4.0356263150679625,1.607884546512669,10.885925141600252,1.1337111616828826,0.27547152415008935,-0.22777777777777786,253.05555555555554
971_UT_SNTL,Parrish Creek,-111.813720703125,40.93416976928711,2359.152099609375,18,-11.310156645083651,5.840568483140178,6.133712395917272,10.73526070524242,1.5607276762523203,0.3616671663109961,2.3194444444444446,235.33333333333334
688_CO_SNTL,Phantom Valley,-105.84757232666016,40.39936828613281,2752.343994140625,18,-0.26784199734483194,7.363694059712836,2.247768824424747,10.600570960410733,1.0857259697476431,0.30927614199980735,-2.261111111111111,223.27777777777777
689_WY_SNTL,Phillips Bench,-110.91258239746094,43.516868591308594,2499.360107421875,18,-7.60027549433361,5.815747574540145,3.133068314083625,10.909381717339492,1.4970361683220077,0.3080177960821436,1.4916666666666667,251.72222222222223
690_MT_SNTL,Pickfoot Creek,-111.26831817626953,46.57978057861328,2026.9200439453125,18,-9.721252123795745,5.718726816998972,4.511628614916286,10.334755500085514,1.790336851529561,0.27704954834086176,1.1972222222222224,222.44444444444446
693_MT_SNTL,Pike Creek,-113.32868194580078,48.30305099487305,1807.4639892578125,18,-21.723082057292807,10.540631068369642,3.9263165905631663,10.535626332615191,1.7030759559977044,0.36481164433574675,0.9722222222222222,232.5
695_ID_SNTL,Pine Creek Pass,-111.2115707397461,43.56998062133789,2048.256103515625,18,-7.5136085872972105,5.177781445366037,5.086831408362432,11.268441307990262,1.4842732869807191,0.2864032368514823,0.6222222222222222,221.94444444444446
697_CA_SNTL,Poison Flat,-119.6262435913086,38.505760192871094,2357.932861328125,18,-19.306087348830225,7.9114952406174455,4.85545438266631,8.739214589856738,1.2212775882052571,0.3407938679834283,0.8666666666666667,223.16666666666666
698_NV_SNTL,Pole Creek R.S.,-115.24713134765625,41.87255096435547,2548.1279296875,17,-8.558714491669432,5.602723544635808,3.9518846808129653,9.94173400697348,1.731889405416841,0.22993624355772663,1.4138888888888888,243.76470588235293
932_MT_SNTL,Poorman Creek,-115.62332916259766,48.1267204284668,1554.47998046875,18,-14.892448394892812,6.52616657185661,4.427637210135196,9.646340482096925,1.6188871445935609,0.41551756602794465,2.0249999999999995,247.83333333333334
699_WA_SNTL,Pope Ridge,-120.56622314453125,47.99089813232422,1094.2320556640625,18,-12.558141000003532,4.47117128200881,6.113062046736504,10.223774843294352,1.5130896813794663,0.4506134648986328,1.036111111111111,220.27777777777777
700_MT_SNTL,Porcupine,-110.46959686279297,46.11191940307617,1981.199951171875,17,-14.58717389951458,11.747394621418835,4.804611872146119,10.00918306286062,1.7304822251474825,0.2089018284994054,-0.5111111111111111,212.1764705882353
701_CO_SNTL,Porphyry Creek,-106.33965301513672,38.48883819580078,3279.64794921875,18,3.5734876671230875,4.687871724961328,0.24131524756021153,10.564446389220603,1.0400572614947936,0.2499308061912,-2.669444444444445,235.11111111111111
702_WA_SNTL,Potato Hill,-121.51435089111328,46.34962844848633,1374.64794921875,17,-17.736709232414427,15.591233051451509,4.448969804816904,7.421876255362703,1.3355783093600402,0.4822872209017128,0.9166666666666667,245.83333333333334
703_WY_SNTL,Powder River Pass,-107.126220703125,44.16188049316406,2889.50390625,17,-7.509005704235364,7.23987458775236,0.9721738741158563,10.469070693659338,1.5895811536472761,0.2252458844502349,-1.475,239.58823529411765
707_WA_SNTL,Quartz Peak,-117.0893783569336,47.879268646240234,1432.56005859375,18,-14.215145149752038,5.091542876621285,6.081796042617961,10.327337362391578,1.7152453098898142,0.43407625404982464,2.069444444444444,227.05555555555554
709_CO_SNTL,Rabbit Ears,-106.7403793334961,40.367828369140625,2865.1201171875,17,0.82267225191447,4.713655012680236,2.6398773390634793,11.011469968950028,1.2878991426102748,0.32962676090928533,0.838888888888889,244.76470588235293
711_WA_SNTL,Rainy Pass,-120.73580169677734,48.51865005493164,1490.4720458984375,17,-1.5997067145467079,4.659510050347205,2.7594242994001252,8.492701050821127,2.0369381945924303,0.38454516957973683,0.05555555555555626,261.3888888888889
712_OR_SNTL,Red Hill,-121.70427703857422,45.464298248291016,1344.16796875,18,-18.56719323349325,10.457326698744064,5.669034380875638,8.211682510141214,1.7433451859127487,0.5510194389157436,1.5694444444444446,250.33333333333334
713_CO_SNTL,Red Mountain Pass,-107.71341705322266,37.89179992675781,3413.760009765625,18,3.900341619119517,5.97299035951624,0.9050425284268957,9.515662856752225,0.9938018323184898,0.25185749419804104,-1.172222222222222,249.22222222222223
716_WY_SNTL,Reno Hill,-106.0888900756836,42.571109771728516,2560.320068359375,18,-0.734492541209478,3.8617298165364033,3.4655864446235114,11.53274090992121,1.558380635259293,0.2255245284778942,0.9583333333333334,238.44444444444446
717_CO_SNTL,Ripple Creek,-107.29411315917969,40.10811996459961,3151.632080078125,17,3.895758069208282,5.1100120844617845,1.4766451786193933,10.821070031620904,1.2801554789965877,0.2778476922485353,-0.1416666666666667,255.11764705882354
718_CO_SNTL,Roach,-106.04602813720703,40.87501907348633,2956.56005859375,18,-0.1399963523279277,4.311743852521477,1.8896570865789237,10.19746528134034,1.2819262277615506,0.2189843767728491,-0.12499999999999997,245.5
719_OR_SNTL,Roaring River,-122.03063201904297,43.90098190307617,1508.760009765625,17,-10.678599813564837,11.0429493601045,6.733815023726386,7.241744958848673,1.6187893263653657,0.3778816878514654,1.4805555555555554,238.52941176470588
724_CA_SNTL,Rubicon #2,-120.13139343261719,38.999271392822266,2322.271240234375,17,-25.619964283803665,9.554354552813033,6.74295639717074,8.605755112070822,1.5469241528827922,0.3859873948750235,1.5294117647058822,234.33333333333334
929_MT_SNTL,Sacajawea,-110.9278335571289,45.87395095825195,1996.43994140625,18,-9.78779249961185,6.113470215547686,4.567108066971082,9.410589096500283,1.6661735221294407,0.3016528518463691,1.844444444444444,230.33333333333334
728_WA_SNTL,Salmon Meadows,-119.83830261230469,48.655181884765625,1359.407958984375,17,-4.391250520135754,4.049213755500777,3.8537455233234845,9.642205955359412,1.3582910802568962,0.2769382974946989,0.18888888888888894,213.05555555555554
729_OR_SNTL,Salt Creek Falls,-122.1175765991211,43.61193084716797,1286.2559814453125,18,-31.74067802823954,11.709792883764134,6.337475154445339,7.700935394615961,1.469532611066183,0.4792680468681657,1.4222222222222223,223.88888888888889
730_WY_SNTL,Salt River Summit,-110.90989685058594,42.50749969482422,2328.672119140625,18,-12.666867066333722,3.9983031744403528,4.695949503088907,11.458207452247784,1.5233593434169337,0.28140256549273823,0.6888888888888888,227.05555555555554
732_WY_SNTL,Sandstone RS,-107.17060089111328,41.11172103881836,2484.1201171875,18,-4.315223192596849,7.954160157545681,4.547455457068672,11.183717211179811,1.2562301028256173,0.25141614971964293,0.8888888888888888,219.0
922_NM_SNTL,Santa Fe,-105.78333282470703,35.76694107055664,3488.43603515625,17,-1.8724975842578093,4.131047209885556,2.6373668188736685,9.07019867563763,1.0102643057795417,0.3036237033704497,-0.3416666666666668,240.41176470588235
733_OR_SNTL,Santiam Jct.,-121.94502258300781,44.43503189086914,1139.9520263671875,17,-0.5659024862373007,17.96393325266123,6.855522428149343,7.977332025050596,1.4249756025030555,0.6695931587959086,1.6388888888888888,198.05882352941177
735_ID_SNTL,Savage Pass,-114.63333129882812,46.466331481933594,1886.7120361328125,18,-11.241180846508602,8.407127237941111,3.1342185961142444,9.358923569945036,1.6505485936869067,0.3629249370932782,0.20833333333333343,252.27777777777777
736_OR_SNTL,Schneider Meadows,-117.16522216796875,45.001068115234375,1645.9200439453125,18,-8.680925357363336,5.515952575466436,4.578849494135555,10.32146251099735,1.5877829647350157,0.42708331771649705,-0.2666666666666667,236.0
738_ID_SNTL,Schweitzer Basin,-116.63916778564453,48.3742790222168,1856.2320556640625,17,-8.059387753151777,6.822316614246753,3.1417163577759877,10.05731580986039,1.6961728643079113,0.336890277815791,2.0888888888888886,264.29411764705884
739_CO_SNTL,Scotch Creek,-108.00785827636719,37.64556121826172,2773.679931640625,18,-5.3804000796534766,7.142027748958812,3.3522974303876802,9.724623563195872,0.9443694667528245,0.32350418355799637,-0.7777777777777779,203.16666666666666
740_ID_SNTL,Secesh Summit,-115.97151947021484,45.188480377197266,1993.3919677734375,18,-13.089172700517533,5.973444901185445,4.030284716626376,9.954196799503794,1.6795075788405118,0.36982810316951575,0.338888888888889,241.22222222222223
741_ID_SNTL,Sedgwick Peak,-111.95635223388672,42.52497100830078,2392.679931640625,18,-11.128702780938154,4.869802891785283,4.634854508013251,11.253461975429602,1.723469061949737,0.2673358213439285,1.0305555555555554,231.11111111111111
745_OR_SNTL,Sevenmile Marsh,-122.14164733886719,42.69824981689453,1737.3599853515625,18,-28.066646845641678,13.774793343264097,5.849823618945295,8.859931614975642,1.8002076816471768,0.4652152542993339,0.4055555555555555,235.55555555555554
746_NV_SNTL,Seventysix Creek,-115.47215270996094,41.73731994628906,2240.280029296875,18,-14.352748691302454,6.965832441846159,5.697262064643208,10.595241548291225,1.6141452132296272,0.3071540297066436,-0.008333333333333331,208.72222222222223
747_ID_SNTL,Shanghi Summit,-115.74215698242188,46.5660285949707,1402.0799560546875,18,-18.202552562749098,7.257372258942826,6.581578476139314,9.58611283801504,1.6269537084203305,0.3981329122106382,2.8305555555555557,232.11111111111111
748_WA_SNTL,Sheep Canyon,-122.2539291381836,46.1932487487793,1216.1519775390625,17,-35.77898441496428,16.050164147470017,5.751603993195453,6.70071522178815,1.5050080483920627,0.6314583259507809,2.0444444444444443,255.44444444444446
749_ID_SNTL,Sheep Mtn.,-111.68791961669922,43.21030044555664,2026.9200439453125,18,-5.452585373587342,4.747466459909791,5.404906437460831,11.507857457799085,1.4722072295207351,0.2928092141165018,0.39166666666666666,212.5
752_ID_SNTL,Sherwin,-116.3397216796875,46.950279235839844,975.3599853515625,17,-10.939821810956547,6.706720589799128,6.554870624048706,9.854904158978831,1.3619194750060803,0.47196154614777763,0.711111111111111,197.0
759_OR_SNTL,Silvies,-118.68785095214844,42.75333023071289,2130.552001953125,18,-7.736950762367763,7.6608637564348285,5.225982630495121,9.433461428900205,1.8570575420320126,0.2852491734258363,-1.1361111111111108,221.05555555555554
760_MT_SNTL,Skalkaho Summit,-113.77249908447266,46.24211883544922,2209.800048828125,18,-10.706091928352024,5.788821804259009,2.372207001522071,9.507037388328717,1.6252776289225686,0.2849441959958373,-0.15277777777777773,249.88888888888889
912_WA_SNTL,Skookum Creek,-121.61006927490234,47.684329986572266,1008.8880004882812,17,-18.86084544807325,9.9138746524003,6.922421546244068,6.620314171327957,1.4069699293109377,0.45914276919799085,2.976470588235294,238.58823529411765
783_MT_SNTL,Sleeping Woman,-114.33367919921875,47.179019927978516,1874.52001953125,18,-9.959253891016804,6.032816327516518,4.604459665144597,9.906862489652788,1.7947879820102386,0.32990582130609025,1.2166666666666666,235.05555555555554
761_ID_SNTL,Slug Creek Divide,-111.2979736328125,42.56248092651367,2202.179931640625,18,-11.748781982905388,6.2564754901534485,4.367912078073239,11.043787985703698,1.4664176358888912,0.28750242375092216,-0.29166666666666674,220.11111111111111
762_CO_SNTL,Slumgullion,-107.2032699584961,37.99079895019531,3523.488037109375,17,-0.12794769237291964,2.9910930657347228,1.057531202435313,10.219433753746992,1.22726089123885,0.19949472643599556,-1.1916666666666667,239.41176470588235
765_WY_SNTL,Snider Basin,-110.53202819824219,42.49489974975586,2456.68798828125,18,-11.689605695765527,3.774846902918808,2.834165099829886,10.783722467602205,1.2849684709637466,0.28309293455104867,0.15833333333333327,227.11111111111111
767_OR_SNTL,Snow Mountain,-119.54013061523438,43.948848724365234,1898.904052734375,17,-8.926296794673258,8.217789106646462,5.051441489837944,9.649905810684801,1.8358379848941615,0.27408930186230873,-0.7777777777777779,218.0
927_AZ_SNTL,Snowslide Canyon,-111.65058135986328,35.34159851074219,2965.7041015625,18,-2.929671598198665,4.185143114945115,4.371871250783419,8.84841454831871,1.0483174516771077,0.4897264531498487,-0.28055555555555556,223.16666666666666
769_ID_SNTL,Soldier R.S.,-114.82691955566406,43.48406982421875,1749.552001953125,18,-13.502049749815587,5.959149049097759,6.295292326976454,10.69795221931967,1.3532948392862818,0.32721236194139147,0.7500000000000001,196.05555555555554
770_ID_SNTL,Somsen Ranch,-111.35932922363281,42.95275115966797,2072.639892578125,18,-5.197449190502267,6.1161622535358715,5.083206195720298,11.506189767211312,1.4813433744215165,0.27705071640854745,-0.04999999999999988,213.5
771_CA_SNTL,Sonora Pass,-119.60030364990234,38.310211181640625,2673.095947265625,17,-9.716114445359583,6.35110214982898,4.75413376309428,8.748162729221892,1.432874297222176,0.3268640785393997,0.19444444444444448,239.33333333333334
772_WY_SNTL,South Brush Creek,-106.50247955322266,41.329429626464844,2572.511962890625,18,-4.783040887727772,6.396803616554847,3.5789264929716196,11.098250461285028,1.306284170461595,0.24249913061592862,-0.4111111111111111,222.0
774_ID_SNTL,South Mtn.,-116.9003677368164,42.76477813720703,1981.199951171875,18,-17.85891415757358,8.773963884589215,7.395677321156773,9.959276192695805,1.9040130074730297,0.3786703287024655,1.2277777777777779,211.22222222222223
775_WY_SNTL,South Pass,-108.84324645996094,42.57316970825195,2755.39208984375,18,-5.068340986362215,6.679617359360401,2.877397260273973,10.588512844362725,1.5556379714650828,0.22174505669902544,0.5388888888888889,243.33333333333334
776_WA_SNTL,Spencer Meadow,-121.9266128540039,46.179500579833984,1036.3199462890625,17,-15.51290235253129,8.785024553467181,5.946018443907244,7.556678442020012,1.4039101186991754,0.5119302627486418,1.9555555555555555,239.88235294117646
984_WA_SNTL,Spruce Springs,-117.54154968261719,46.18286895751953,1737.3599853515625,18,-18.431450001887143,11.829067545043168,5.756295102515892,9.22610191437927,1.80388622995263,0.36941627665457916,0.13611111111111124,215.61111111111111
780_CO_SNTL,Spud Mountain,-107.77715301513672,37.69866180419922,3249.16796875,18,-0.6974261670131163,5.529458920019863,2.8880052377115226,9.351054195713544,1.0693239355893323,0.45640040841916896,-1.7333333333333334,236.11111111111111
782_ID_SNTL,Squaw Flat,-116.248046875,44.77090835571289,1901.9520263671875,18,-8.603957707766286,6.9261967419793296,4.484793625212642,10.6914249738145,1.7033119230672065,0.3488372613792068,-0.6416666666666667,230.5
784_CA_SNTL,Squaw Valley G.C.,-120.26576232910156,39.18986129760742,2442.3623046875,17,-12.783828003434277,8.327352338702266,6.014092801504164,8.264090069093303,1.6286115578777305,0.39214067119266294,0.3944444444444444,244.55555555555554
786_WY_SNTL,St. Lawrence Alt,-109.17024993896484,43.03313064575195,2627.3759765625,17,-13.179159809386531,9.711857160679024,3.4130289193302894,10.31465114756521,1.5805617064197424,0.21828528367188946,0.39722222222222225,215.23529411764707
787_MT_SNTL,Stahl Peak,-114.86298370361328,48.909019470214844,1837.9439697265625,17,-8.134023372679877,4.657997050482471,2.0763040558689227,9.49822838023143,1.5422412460970545,0.32348445126673103,3.1111111111111116,274.3529411764706
788_WA_SNTL,Stampede Pass,-121.34162139892578,47.274269104003906,1173.47998046875,18,-18.178293248682554,10.080731373069728,4.55567485898469,8.136831046907005,1.4287203773949024,0.47820271120189006,1.0305555555555557,252.72222222222223
792_ID_SNTL,Stickney Mill,-114.20902252197266,43.86117172241211,2264.6640625,18,-10.166458114572162,6.750134004130918,2.5058089354463253,11.55117039404858,1.4397139319089867,0.21751810597572693,-2.291666666666667,208.22222222222223
793_CO_SNTL,Stillwater Creek,-105.91976928710938,40.22542953491211,2657.85595703125,18,-4.050701086140085,6.516647344956898,3.6458877249529964,10.928452822867309,1.1259387732186492,0.21356332970009456,-0.7823529411764707,204.27777777777777
1009_MT_SNTL,Stringer Creek,-110.9019775390625,46.92689895629883,1996.43994140625,17,-5.475551664697584,6.846880771292323,2.6220771779031247,10.590944054895576,1.5871623624221203,0.2638485781804333,0.46176470588235285,231.05882352941177
798_WY_SNTL,Sucker Creek,-107.40032958984375,44.72249984741211,2706.6240234375,17,-3.0259564229875835,7.243001495661842,2.173546423135464,10.288839690937257,1.6567492473280832,0.20799664340712368,-0.8111111111111111,242.94117647058823
800_OR_SNTL,Summer Rim,-120.80158233642578,42.695701599121094,2157.98388671875,18,-8.465080398260845,6.410379498626013,4.871716357775988,9.029704778036885,1.808243150066639,0.3044078313576948,-0.8138888888888889,226.66666666666666
801_OR_SNTL,Summit Lake,-122.13807678222656,43.44906997680664,1709.927978515625,17,-6.698511841336617,5.939320683780823,3.837546445518846,7.803475850811421,1.600734811187008,0.3353409908457157,2.3555555555555556,270.3888888888889
802_CO_SNTL,Summit Ranch,-106.15802001953125,39.717960357666016,2865.1201171875,18,-4.456710322843524,3.565958395877324,2.8807277956844843,10.670930150035622,1.1220614386727346,0.22873193473654002,-0.04444444444444445,222.0
803_ID_SNTL,Sunset,-115.82421875,47.555450439453125,1688.592041015625,18,-9.366208334696829,7.132657105612427,4.108226340764618,9.85426851211473,1.8010317041482928,0.3519594331331853,0.33611111111111114,244.22222222222223
975_WA_SNTL,Swamp Creek,-120.78266906738281,48.57141876220703,1197.864013671875,18,-15.63148274016773,12.45921621366687,5.026091861402096,8.223518273712711,1.3357974377709967,0.4087724489048174,0.6861111111111111,217.55555555555554
805_ID_SNTL,Swede Peak,-113.9688720703125,43.625999450683594,2328.672119140625,18,-12.374659175841392,7.0682782767848975,4.293188289014236,10.839873860991801,1.645987699888386,0.3045830844115475,-0.37777777777777777,230.05555555555554
807_WY_SNTL,Sylvan Road,-110.03807830810547,44.478248596191406,2170.176025390625,18,-7.49013902047643,11.363103429811497,2.0075799086757997,10.463413844950633,1.318520275273479,0.24741439913131394,-1.9555555555555557,216.72222222222223
812_OR_SNTL,Taylor Green,-117.55066680908203,45.07706832885742,1749.552001953125,18,-6.694539751167699,5.117493062563255,5.734101531023369,10.098568659821536,1.8265459816269016,0.3599256867840534,0.13611111111111107,224.66666666666666
813_MT_SNTL,Tepee Creek,-111.70999908447266,44.785621643066406,2438.39990234375,18,-12.565033708526805,4.367199281945461,2.467458143074582,11.090841762615188,1.579678942500087,0.23480214904002839,-0.13055555555555554,236.83333333333334
815_OR_SNTL,Three Creeks Meadow,-121.64095306396484,44.144248962402344,1734.31201171875,18,-14.017172200691126,5.825817190811196,5.495285164294029,8.289701444011612,1.6937396653687218,0.3655957760755923,0.002777777777777768,227.61111111111111
816_WY_SNTL,Thumb Divide,-110.5771713256836,44.369171142578125,2432.303955078125,18,-6.070030329885021,8.14994185857857,1.6539197779568449,10.989394866840074,1.3287077971873862,0.2527020300431061,-0.5361111111111111,230.22222222222223
899_WA_SNTL,Tinkham Creek,-121.4697494506836,47.33198165893555,911.3519897460938,18,-32.163691650839645,11.249748088264539,5.5808810099382224,7.260716517479843,1.3730512206964207,0.5231648552475539,2.3777777777777773,241.11111111111111
821_OR_SNTL,Tipton,-118.4261703491211,44.655670166015625,1569.719970703125,18,-7.217118944844829,3.6219662008656353,6.107840451248995,10.743178651920827,1.7420005600107773,0.3154814068000487,1.1444444444444446,216.5
893_MT_SNTL,Tizer Basin,-111.85308074951172,46.349369049072266,2097.02392578125,17,-12.521281500846786,8.039622520343304,3.2310197869101978,9.56749524779305,1.6560552805462287,0.24762248468892759,0.43055555555555547,226.58823529411765
824_WA_SNTL,Touchet,-117.85050201416016,46.11867904663086,1685.5439453125,18,-10.398435052306642,6.005402616000338,5.989367893276032,9.233299655788384,1.7864049915225357,0.3609539709157254,1.8833333333333337,236.22222222222223
826_WY_SNTL,Townsend Creek,-108.89572143554688,42.69525146484375,2651.760009765625,17,-7.907285024915838,6.112608166002891,2.9040030441400306,10.671362036804734,1.525101110732212,0.2124982007201442,0.35555555555555557,231.1764705882353
827_CO_SNTL,Trapper Lake,-107.23619842529297,39.99884033203125,2956.56005859375,17,-4.268501373986645,8.395174204883084,3.1278992300116397,10.955302194509539,1.2589320812795304,0.2585623326069784,1.0222222222222221,229.83333333333334
828_UT_SNTL,Trial Lake,-110.94873046875,40.678001403808594,3045.5615234375,17,1.3321690420156962,5.690045368799487,1.5023323484645,10.484154898576664,1.493590048791622,0.24836168773667405,0.011111111111111169,246.1764705882353
829_CO_SNTL,Trinchera,-105.23233032226562,37.35327911376953,3310.1279296875,18,0.4078178478582127,1.2049894937250496,2.173903326170651,9.818016585638995,1.2030125049573972,0.24225236664431263,-3.033333333333334,219.38888888888889
830_ID_SNTL,Trinity Mtn.,-115.43817901611328,43.6290283203125,2368.2958984375,18,-6.105370055572057,2.8701985696505115,2.663259915838482,10.074724227278478,1.630198508952147,0.3125242958629089,1.5499999999999998,260.1111111111111
831_WY_SNTL,Triple Peak,-110.59140014648438,42.76393127441406,2590.800048828125,18,-8.671346549985765,7.8056382656598995,1.8552359208523586,10.16895605749128,1.42314049062368,0.29720692328816933,-0.6861111111111111,243.0
832_WA_SNTL,Trough,-120.29412078857422,47.233280181884766,1670.303955078125,17,-8.252602063909087,4.7064189752775425,4.796464432805087,9.348964011439273,1.7879408474519334,0.40210065353225943,-0.7944444444444441,221.88235294117646
835_MT_SNTL,Twelvemile Creek,-114.44754791259766,46.14287185668945,1706.8800048828125,18,-8.082071919239189,7.087557361924161,4.520441400304414,9.609353631528617,1.61779838515289,0.3820371960511788,0.18888888888888886,221.44444444444446
836_MT_SNTL,Twin Lakes,-114.50559997558594,46.143798828125,1950.719970703125,18,-9.336886786079392,4.589652472334222,4.0949055421255265,9.461659596913176,1.7000556879607658,0.36802342073583477,1.6083333333333334,255.77777777777777
1005_CO_SNTL,Ute Creek,-105.3732681274414,37.61497116088867,3246.1201171875,18,-1.4360585474936702,2.349071131598787,1.8545622929537113,9.101989086818788,2.3356151077789775,0.25433263320267835,-1.2694444444444446,225.55555555555554
842_CO_SNTL,Vail Mountain,-106.38005828857422,39.61676025390625,3139.43994140625,18,-3.8255465474403603,7.525069322298364,2.6485441847972067,10.815371226555746,1.2489461509487902,0.23991943896836712,0.7638888888888888,239.72222222222223
843_CO_SNTL,Vallecito,-107.50679779052734,37.48509979248047,3316.22412109375,17,0.15020623080622592,5.391771062598591,3.710757789417137,9.43114823687988,1.1641022521330515,0.37500030224990005,-1.286111111111111,224.88888888888889
845_ID_SNTL,Vienna Mine,-114.85272979736328,43.79941940307617,2731.008056640625,18,-6.391277813953547,4.69065417243527,2.3758331094995078,10.27729193972172,1.8059725409494458,0.29589251040165226,0.38611111111111107,262.1666666666667
846_CA_SNTL,Virginia Lakes Ridge,-119.23432922363281,38.07297897338867,2878.8359375,18,-2.166009899896943,5.9072334357103164,4.699906885128481,8.91348803879911,1.4631458868462255,0.3392631736391846,-0.022222222222222206,237.94444444444446
847_MT_SNTL,Waldron,-112.7908706665039,47.919979095458984,1706.8800048828125,18,-10.616432093519103,5.501384074925099,3.837701674277017,9.613595080760085,1.5618122263979601,0.29152132368984357,1.475,227.22222222222223
848_CA_SNTL,Ward Creek #3,-120.2186508178711,39.13544845581055,2055.8759765625,18,-24.10430568304571,8.335201272766344,5.894569791386875,8.368697016981894,1.3320400669737114,0.36851998020817367,1.8861111111111108,229.72222222222223
849_NV_SNTL,Ward Mountain,-114.95574951171875,39.13241958618164,2804.159912109375,18,-8.814034410182556,6.826360903096638,4.958165457964008,10.071516004709592,1.5557657337406674,0.31030078504625425,-0.7361111111111107,217.66666666666666
855_ID_SNTL,West Branch,-116.45413208007812,45.072200775146484,1694.68798828125,18,-9.26050289303134,5.694083323635952,5.57584206285254,10.627869618774321,1.7601632535628249,0.36703412551842607,0.46944444444444444,224.88888888888889
924_MT_SNTL,West Yellowstone,-111.09198760986328,44.658660888671875,2042.1600341796875,18,-8.228021135250465,8.083470476980915,3.3880266809920316,11.74488590160179,1.4176828698437343,0.23602611426941067,-0.30555555555555547,210.94444444444446
858_MT_SNTL,Whiskey Creek,-111.14997863769531,44.61088180541992,2072.639892578125,18,-9.35814423248476,6.829637014292555,2.3289193302891937,11.35775508936749,1.3629050032730252,0.31922203548029043,1.1194444444444445,236.72222222222223
859_WY_SNTL,Whiskey Park,-106.90847778320312,41.002891540527344,2727.9599609375,17,-4.468983998626146,4.3643797807976465,2.0506201316142896,10.744194013466794,1.2855251024839975,0.33232716190853173,0.31176470588235283,247.7058823529412
860_ID_SNTL,White Elephant,-111.41085052490234,44.53266906738281,2350.008056640625,18,-6.612664642274038,6.26754907375685,3.4782854328946193,11.716713786624524,1.6439506617622328,0.2870639038277465,1.4138888888888888,244.77777777777777
863_WA_SNTL,White Pass E.S.,-121.38153076171875,46.64141845703125,1353.31201171875,18,-8.763302164804886,6.895668498542863,4.266850210403796,8.351328086987442,1.6123569918669816,0.46808206483293635,0.588888888888889,244.66666666666666
867_ID_SNTL,Wildhorse Divide,-112.47782897949219,42.75743103027344,1978.1519775390625,18,-14.738855424865237,5.491647888499713,5.286867221774554,10.32453440068555,1.3334252463113145,0.3522676445420647,1.0333333333333332,225.77777777777777
868_WY_SNTL,Willow Creek,-110.83515167236328,42.815128326416016,2462.783935546875,17,-11.594334922872314,5.523942962165461,3.511073507028383,10.864242824546468,1.6216834707088408,0.33953295116074406,1.0750000000000002,246.64705882352942
869_CO_SNTL,Willow Creek Pass,-106.09432983398438,40.34703063964844,2907.7919921875,17,0.766358589544829,3.9061856594828286,0.94609902408452,10.65584975365665,1.0862685846152873,0.18402256335498432,0.31111111111111117,244.72222222222223
870_CO_SNTL,Willow Park,-105.73336791992188,40.43254089355469,3261.360107421875,18,2.1262773731828526,5.570102640348517,0.4489238069657087,9.60486867723571,1.154546735442768,0.22001536786899425,-1.5138888888888893,247.88888888888889
871_ID_SNTL,Wilson Creek,-115.00277709960938,42.012569427490234,2170.176025390625,18,-13.337566574757043,7.155418696444178,5.736692631390457,10.367713661230596,1.5984783023950462,0.3789320743056483,0.12777777777777777,217.83333333333334
873_OR_SNTL,Wolf Creek,-118.15191650390625,45.06703186035156,1716.0240478515625,18,-5.745852000469496,5.816246897668996,5.287699883606411,10.369261402763922,1.7980270239917402,0.3304171428721517,1.094444444444444,223.33333333333334
875_WY_SNTL,Wolverine,-109.65699768066406,44.804168701171875,2331.719970703125,18,-7.4963780492131304,7.51316692924345,4.032205210851464,10.062085429305828,1.4885413011970683,0.2811541873062151,-1.0888888888888886,216.94444444444446
876_MT_SNTL,Wood Creek,-112.81427764892578,47.44847106933594,1816.6080322265625,18,-12.560184901399495,6.384609672395998,3.750197869101978,9.884671869871225,1.6450757995166232,0.3121057814014626,1.275,229.94444444444446
