name,GMBA_V2_ID,centroid_latitude,centroid_longitude,total_pixels_in_range,snowmelt_lapse_rate_per_100m,snowmelt_lapse_rate_corr,snowmelt_lapse_rate_n,runoff_onset_anomaly_WY2015,runoff_onset_anomaly_WY2016,runoff_onset_anomaly_WY2017,runoff_onset_anomaly_WY2018,runoff_onset_anomaly_WY2019,runoff_onset_anomaly_WY2020,runoff_onset_anomaly_WY2021,runoff_onset_anomaly_WY2022,runoff_onset_anomaly_WY2023,runoff_onset_anomaly_WY2024,anomaly_n,anomaly_slope,anomaly_corr,anomaly_pval,_source,_analysis_git_sha,_version,_git_sha,_written_at
Arctic Ocean,19102,76.532,37.718,1554874.0,4.433,0.954,11.0,,,,4.708,6.44,-11.906,5.643,-17.981,-1.368,-5.573,7.0,5.371,0.467,0.291,converted 2026-09-03 from aggregated_results/v9/geometries/gmba_mountain_ranges_with_all_stats.geojson (written 2026-08-25 by the pre-map/reduce era5_analysis notebook at production commit e439f61),ec30f4b,,18992fa,2026-09-03T17:53:07+00:00
Appalachian Mountains,11134,40.494,-76.23,1128033.0,1.692,0.621,15.0,,,-1.372,5.396,1.192,7.214,-15.266,0.551,3.239,-16.617,8.0,-6.004,-0.669,0.069,converted 2026-09-03 from aggregated_results/v9/geometries/gmba_mountain_ranges_with_all_stats.geojson (written 2026-08-25 by the pre-map/reduce era5_analysis notebook at production commit e439f61),ec30f4b,,18992fa,2026-09-03T17:53:07+00:00
Aldan Mountains,11117,57.598,129.488,4948809.0,2.829,0.94,19.0,-4.286,2.853,-1.848,-4.585,-2.419,-11.146,2.75,,,,7.0,-1.044,-0.153,0.744,converted 2026-09-03 from aggregated_results/v9/geometries/gmba_mountain_ranges_with_all_stats.geojson (written 2026-08-25 by the pre-map/reduce era5_analysis notebook at production commit e439f61),ec30f4b,,18992fa,2026-09-03T17:53:07+00:00
Chukotka Mountains,11225,67.245,55.355,13720272.0,1.93,0.975,17.0,,,-6.716,3.433,-3.979,-4.608,0.319,,,,8.0,-2.222,-0.444,0.271,converted 2026-09-03 from aggregated_results/v9/geometries/gmba_mountain_ranges_with_all_stats.geojson (written 2026-08-25 by the pre-map/reduce era5_analysis notebook at production commit e439f61),ec30f4b,,18992fa,2026-09-03T17:53:07+00:00
Himalaya,11400,30.371,82.828,37234407.0,3.183,0.972,61.0,1.536,-3.138,0.254,-3.234,3.103,4.022,5.258,-17.63,3.726,1.582,10.0,-6.104,-0.936,0.0,converted 2026-09-03 from aggregated_results/v9/geometries/gmba_mountain_ranges_with_all_stats.geojson (written 2026-08-25 by the pre-map/reduce era5_analysis notebook at production commit e439f61),ec30f4b,,18992fa,2026-09-03T17:53:07+00:00
Hindu Kush,11401,34.832,67.325,29291195.0,3.723,0.978,56.0,-0.132,-5.996,2.908,-3.143,9.726,1.879,-8.703,-8.676,-6.828,10.818,10.0,-4.753,-0.834,0.003,converted 2026-09-03 from aggregated_results/v9/geometries/gmba_mountain_ranges_with_all_stats.geojson (written 2026-08-25 by the pre-map/reduce era5_analysis notebook at production commit e439f61),ec30f4b,,18992fa,2026-09-03T17:53:07+00:00
Iceland,11419,65.121,-18.966,6221420.0,8.031,0.996,20.0,14.234,12.887,-0.707,-2.238,-11.76,8.469,-2.205,-3.533,-23.019,7.625,10.0,-3.724,-0.246,0.493,converted 2026-09-03 from aggregated_results/v9/geometries/gmba_mountain_ranges_with_all_stats.geojson (written 2026-08-25 by the pre-map/reduce era5_analysis notebook at production commit e439f61),ec30f4b,,18992fa,2026-09-03T17:53:07+00:00
Karakoram,11464,35.334,76.597,10253879.0,3.805,0.981,54.0,2.955,-1.516,3.517,-5.845,3.12,0.965,0.079,-12.422,4.152,-3.351,10.0,-4.533,-0.823,0.003,converted 2026-09-03 from aggregated_results/v9/geometries/gmba_mountain_ranges_with_all_stats.geojson (written 2026-08-25 by the pre-map/reduce era5_analysis notebook at production commit e439f61),ec30f4b,,18992fa,2026-09-03T17:53:07+00:00
Dzhugdzhur Mountains,11486,57.396,137.874,5195558.0,2.191,0.978,19.0,-12.572,-1.685,-2.415,-9.514,-0.964,5.49,-0.198,,,,9.0,3.124,0.527,0.145,converted 2026-09-03 from aggregated_results/v9/geometries/gmba_mountain_ranges_with_all_stats.geojson (written 2026-08-25 by the pre-map/reduce era5_analysis notebook at production commit e439f61),ec30f4b,,18992fa,2026-09-03T17:53:07+00:00
Kolyma Mountains,11496,62.787,157.996,45327418.0,1.976,0.976,20.0,-15.6,-15.72,4.334,1.014,-12.72,0.693,0.844,-1.946,-2.832,-4.916,10.0,0.635,0.136,0.708,converted 2026-09-03 from aggregated_results/v9/geometries/gmba_mountain_ranges_with_all_stats.geojson (written 2026-08-25 by the pre-map/reduce era5_analysis notebook at production commit e439f61),ec30f4b,,18992fa,2026-09-03T17:53:07+00:00
Koryak Mountains,11539,62.117,171.324,18445047.0,1.007,0.827,19.0,-5.611,-15.782,-0.453,9.688,-11.382,-4.315,7.775,-9.74,-7.349,-1.068,10.0,-0.981,-0.205,0.57,converted 2026-09-03 from aggregated_results/v9/geometries/gmba_mountain_ranges_with_all_stats.geojson (written 2026-08-25 by the pre-map/reduce era5_analysis notebook at production commit e439f61),ec30f4b,,18992fa,2026-09-03T17:53:07+00:00
,11644,-0.537,-80.125,86218.0,2.996,0.707,7.0,,,,,2.964,-1.106,-3.249,-5.133,4.868,5.17,8.0,-5.512,-0.697,0.055,converted 2026-09-03 from aggregated_results/v9/geometries/gmba_mountain_ranges_with_all_stats.geojson (written 2026-08-25 by the pre-map/reduce era5_analysis notebook at production commit e439f61),ec30f4b,,18992fa,2026-09-03T17:53:07+00:00
Pamir Mountains,11703,38.271,73.073,13559517.0,3.784,0.962,51.0,-9.583,0.499,4.331,-3.53,1.316,0.935,1.761,-12.775,0.792,2.092,10.0,-2.997,-0.525,0.119,converted 2026-09-03 from aggregated_results/v9/geometries/gmba_mountain_ranges_with_all_stats.geojson (written 2026-08-25 by the pre-map/reduce era5_analysis notebook at production commit e439f61),ec30f4b,,18992fa,2026-09-03T17:53:07+00:00
Stanovoy Range,11957,55.762,128.784,6175903.0,3.774,0.977,21.0,-4.641,-2.263,-6.202,-5.65,-4.469,-2.508,8.061,,,,9.0,-1.837,-0.107,0.785,converted 2026-09-03 from aggregated_results/v9/geometries/gmba_mountain_ranges_with_all_stats.geojson (written 2026-08-25 by the pre-map/reduce era5_analysis notebook at production commit e439f61),ec30f4b,,18992fa,2026-09-03T17:53:07+00:00
Ural Mountains,12031,61.933,60.713,5108077.0,2.979,0.921,16.0,,,4.586,6.899,-4.641,-10.881,-15.778,,,,5.0,-3.301,-0.824,0.086,converted 2026-09-03 from aggregated_results/v9/geometries/gmba_mountain_ranges_with_all_stats.geojson (written 2026-08-25 by the pre-map/reduce era5_analysis notebook at production commit e439f61),ec30f4b,,18992fa,2026-09-03T17:53:07+00:00
Tian Shan,12174,42.051,77.96,64297453.0,3.477,0.954,63.0,-0.672,-2.392,9.646,-2.2,1.357,-4.931,-1.965,-3.414,0.321,2.389,10.0,-3.025,-0.65,0.042,converted 2026-09-03 from aggregated_results/v9/geometries/gmba_mountain_ranges_with_all_stats.geojson (written 2026-08-25 by the pre-map/reduce era5_analysis notebook at production commit e439f61),ec30f4b,,18992fa,2026-09-03T17:53:07+00:00
Arctic Cordillera,12364,72.812,-75.774,2701228.0,1.984,0.926,15.0,,,-19.827,20.317,-14.466,15.064,-0.076,,,,5.0,1.769,0.127,0.839,converted 2026-09-03 from aggregated_results/v9/geometries/gmba_mountain_ranges_with_all_stats.geojson (written 2026-08-25 by the pre-map/reduce era5_analysis notebook at production commit e439f61),ec30f4b,,18992fa,2026-09-03T17:53:07+00:00
Central Siberian Plateau,12409,66.866,95.762,16210204.0,1.084,0.751,16.0,,,3.805,-18.21,0.07,-14.305,-1.854,,,,5.0,0.486,0.121,0.847,converted 2026-09-03 from aggregated_results/v9/geometries/gmba_mountain_ranges_with_all_stats.geojson (written 2026-08-25 by the pre-map/reduce era5_analysis notebook at production commit e439f61),ec30f4b,,18992fa,2026-09-03T17:53:07+00:00
Yukaghir Highlands,12416,65.657,155.527,3279434.0,4.391,0.975,12.0,-26.382,-3.195,11.578,-0.24,-2.521,-11.384,-1.659,-2.137,1.827,-13.814,10.0,2.843,0.498,0.143,converted 2026-09-03 from aggregated_results/v9/geometries/gmba_mountain_ranges_with_all_stats.geojson (written 2026-08-25 by the pre-map/reduce era5_analysis notebook at production commit e439f61),ec30f4b,,18992fa,2026-09-03T17:53:07+00:00
Kamchatka Peninsula,12419,55.669,159.555,15083249.0,2.287,0.96,36.0,-6.415,-9.299,2.49,7.799,-8.862,3.363,-4.564,-2.896,-1.082,-5.825,10.0,0.49,0.071,0.846,converted 2026-09-03 from aggregated_results/v9/geometries/gmba_mountain_ranges_with_all_stats.geojson (written 2026-08-25 by the pre-map/reduce era5_analysis notebook at production commit e439f61),ec30f4b,,18992fa,2026-09-03T17:53:07+00:00
Korean Peninsula,12507,38.872,127.693,1277196.0,1.88,0.948,24.0,,,3.417,-1.417,-5.668,6.435,-3.645,,,,10.0,-3.699,-0.275,0.442,converted 2026-09-03 from aggregated_results/v9/geometries/gmba_mountain_ranges_with_all_stats.geojson (written 2026-08-25 by the pre-map/reduce era5_analysis notebook at production commit e439f61),ec30f4b,,18992fa,2026-09-03T17:53:07+00:00
,12561,-30.344,-71.355,86218.0,2.996,0.707,7.0,,,,,2.964,-1.106,-3.249,-5.133,4.868,5.17,8.0,-5.512,-0.697,0.055,converted 2026-09-03 from aggregated_results/v9/geometries/gmba_mountain_ranges_with_all_stats.geojson (written 2026-08-25 by the pre-map/reduce era5_analysis notebook at production commit e439f61),ec30f4b,,18992fa,2026-09-03T17:53:07+00:00
Caucasus Mountains,12686,42.246,44.352,5957119.0,4.691,0.994,37.0,1.236,1.22,-0.043,-4.702,5.318,-2.366,-2.744,3.788,-4.822,-0.232,10.0,-2.895,-0.783,0.007,converted 2026-09-03 from aggregated_results/v9/geometries/gmba_mountain_ranges_with_all_stats.geojson (written 2026-08-25 by the pre-map/reduce era5_analysis notebook at production commit e439f61),ec30f4b,,18992fa,2026-09-03T17:53:07+00:00
Hawaian Islands,12885,20.213,-156.298,9765.0,15.45,0.823,5.0,4.793,50.178,-8.624,-11.498,6.289,0.962,0.612,0.765,-2.4,42.131,10.0,13.656,0.381,0.278,converted 2026-09-03 from aggregated_results/v9/geometries/gmba_mountain_ranges_with_all_stats.geojson (written 2026-08-25 by the pre-map/reduce era5_analysis notebook at production commit e439f61),ec30f4b,,18992fa,2026-09-03T17:53:07+00:00
Sierras Pampeanas,12893,-29.316,-66.787,48114.0,5.819,0.987,18.0,,5.673,-4.903,10.184,-22.238,2.881,-34.647,4.29,10.497,-0.087,9.0,-2.395,-0.126,0.747,converted 2026-09-03 from aggregated_results/v9/geometries/gmba_mountain_ranges_with_all_stats.geojson (written 2026-08-25 by the pre-map/reduce era5_analysis notebook at production commit e439f61),ec30f4b,,18992fa,2026-09-03T17:53:07+00:00
Balochistan Ranges,13075,29.5,66.615,909479.0,4.201,0.98,22.0,1.516,-13.477,3.56,-6.485,12.689,3.36,-19.367,-11.217,-4.951,13.239,10.0,-5.228,-0.731,0.016,converted 2026-09-03 from aggregated_results/v9/geometries/gmba_mountain_ranges_with_all_stats.geojson (written 2026-08-25 by the pre-map/reduce era5_analysis notebook at production commit e439f61),ec30f4b,,18992fa,2026-09-03T17:53:07+00:00
North Island,13162,-38.831,176.162,14962.0,4.794,0.99,4.0,6.166,3.731,1.771,3.427,7.187,-7.627,1.853,-3.388,-1.055,-11.959,10.0,-7.051,-0.371,0.292,converted 2026-09-03 from aggregated_results/v9/geometries/gmba_mountain_ranges_with_all_stats.geojson (written 2026-08-25 by the pre-map/reduce era5_analysis notebook at production commit e439f61),ec30f4b,,18992fa,2026-09-03T17:53:07+00:00
Khentei-Daur Highlands,13955,49.29,109.256,3670224.0,3.143,0.875,21.0,,,2.696,1.605,-3.81,0.695,0.707,,,,6.0,-1.4,-0.348,0.499,converted 2026-09-03 from aggregated_results/v9/geometries/gmba_mountain_ranges_with_all_stats.geojson (written 2026-08-25 by the pre-map/reduce era5_analysis notebook at production commit e439f61),ec30f4b,,18992fa,2026-09-03T17:53:07+00:00
Anadyr Highlands,13970,67.702,167.682,8653795.0,2.571,0.971,16.0,,,1.421,0.136,-5.863,-9.539,2.247,,,,10.0,-1.722,-0.167,0.645,converted 2026-09-03 from aggregated_results/v9/geometries/gmba_mountain_ranges_with_all_stats.geojson (written 2026-08-25 by the pre-map/reduce era5_analysis notebook at production commit e439f61),ec30f4b,,18992fa,2026-09-03T17:53:07+00:00
Selenga Highlands,14033,50.671,104.893,7572969.0,2.719,0.887,23.0,0.935,-2.202,0.433,2.033,-3.073,-1.749,-0.557,,,,7.0,0.145,0.067,0.886,converted 2026-09-03 from aggregated_results/v9/geometries/gmba_mountain_ranges_with_all_stats.geojson (written 2026-08-25 by the pre-map/reduce era5_analysis notebook at production commit e439f61),ec30f4b,,18992fa,2026-09-03T17:53:07+00:00
Lena-Angara Plateau,14060,54.898,106.256,1114091.0,5.462,0.974,20.0,-16.629,-3.802,-10.414,3.91,4.199,-9.156,9.965,,,,7.0,-4.591,-0.556,0.195,converted 2026-09-03 from aggregated_results/v9/geometries/gmba_mountain_ranges_with_all_stats.geojson (written 2026-08-25 by the pre-map/reduce era5_analysis notebook at production commit e439f61),ec30f4b,,18992fa,2026-09-03T17:53:07+00:00
Yankan - Tukuringra - Soktakhan - Dzhagdy group of mountain ranges,14131,54.071,128.068,190007.0,4.503,0.922,13.0,,,-14.978,-4.733,-0.004,-4.829,9.153,6.69,8.493,17.667,10.0,-6.645,-0.415,0.232,converted 2026-09-03 from aggregated_results/v9/geometries/gmba_mountain_ranges_with_all_stats.geojson (written 2026-08-25 by the pre-map/reduce era5_analysis notebook at production commit e439f61),ec30f4b,,18992fa,2026-09-03T17:53:07+00:00
Meseta Patagónica,14184,-42.728,-70.167,2396024.0,2.94,0.967,35.0,1.215,-16.905,3.509,1.431,-6.349,4.035,-7.766,-2.706,13.185,-2.048,10.0,-7.223,-0.81,0.004,converted 2026-09-03 from aggregated_results/v9/geometries/gmba_mountain_ranges_with_all_stats.geojson (written 2026-08-25 by the pre-map/reduce era5_analysis notebook at production commit e439f61),ec30f4b,,18992fa,2026-09-03T17:53:07+00:00
South European Highlands,14301,42.104,13.142,205386.0,5.203,0.996,12.0,4.094,-2.017,-4.5,-0.739,-2.741,-11.246,0.345,4.96,7.607,-24.05,10.0,-9.207,-0.691,0.027,converted 2026-09-03 from aggregated_results/v9/geometries/gmba_mountain_ranges_with_all_stats.geojson (written 2026-08-25 by the pre-map/reduce era5_analysis notebook at production commit e439f61),ec30f4b,,18992fa,2026-09-03T17:53:07+00:00
South Canadian Arctic Islands,16804,68.946,-101.527,141896.0,7.171,0.985,5.0,,,-12.858,-11.087,-1.263,2.282,0.073,,,,5.0,-4.904,-0.323,0.597,converted 2026-09-03 from aggregated_results/v9/geometries/gmba_mountain_ranges_with_all_stats.geojson (written 2026-08-25 by the pre-map/reduce era5_analysis notebook at production commit e439f61),ec30f4b,,18992fa,2026-09-03T17:53:07+00:00
Northern Baikal Mountains,17999,56.801,110.349,3509993.0,3.389,0.961,21.0,,,-13.762,-0.935,6.504,-10.154,2.488,,,,6.0,-4.952,-0.673,0.143,converted 2026-09-03 from aggregated_results/v9/geometries/gmba_mountain_ranges_with_all_stats.geojson (written 2026-08-25 by the pre-map/reduce era5_analysis notebook at production commit e439f61),ec30f4b,,18992fa,2026-09-03T17:53:07+00:00
Stanovoy Highlands,18391,55.946,114.95,16557809.0,2.714,0.935,25.0,,,-4.929,-2.149,2.258,-6.052,7.138,,,,6.0,-2.539,-0.272,0.602,converted 2026-09-03 from aggregated_results/v9/geometries/gmba_mountain_ranges_with_all_stats.geojson (written 2026-08-25 by the pre-map/reduce era5_analysis notebook at production commit e439f61),ec30f4b,,18992fa,2026-09-03T17:53:07+00:00
Yablonov Mountain System*,18501,54.136,118.344,1988932.0,4.774,0.91,16.0,,,-5.441,-1.751,-2.793,-7.855,13.859,,,,5.0,-9.194,-0.968,0.007,converted 2026-09-03 from aggregated_results/v9/geometries/gmba_mountain_ranges_with_all_stats.geojson (written 2026-08-25 by the pre-map/reduce era5_analysis notebook at production commit e439f61),ec30f4b,,18992fa,2026-09-03T17:53:07+00:00
Mongolian Highlands,18557,49.026,97.972,20646084.0,1.648,0.888,30.0,-3.109,,4.087,2.699,1.192,-6.253,0.052,,,,8.0,0.107,0.009,0.983,converted 2026-09-03 from aggregated_results/v9/geometries/gmba_mountain_ranges_with_all_stats.geojson (written 2026-08-25 by the pre-map/reduce era5_analysis notebook at production commit e439f61),ec30f4b,,18992fa,2026-09-03T17:53:07+00:00
East Siberian Plateaus,19097,68.567,147.984,420055.0,2.051,0.891,9.0,-22.174,-1.211,22.379,7.491,9.216,-7.826,-22.451,-20.02,-9.285,-12.116,10.0,4.478,0.441,0.202,converted 2026-09-03 from aggregated_results/v9/geometries/gmba_mountain_ranges_with_all_stats.geojson (written 2026-08-25 by the pre-map/reduce era5_analysis notebook at production commit e439f61),ec30f4b,,18992fa,2026-09-03T17:53:07+00:00
Kuril Islands,19168,47.017,151.01,482874.0,2.272,0.963,14.0,0.26,3.697,4.694,2.911,-0.775,-3.243,-14.494,-0.896,-2.679,-7.073,10.0,-6.831,-0.568,0.087,converted 2026-09-03 from aggregated_results/v9/geometries/gmba_mountain_ranges_with_all_stats.geojson (written 2026-08-25 by the pre-map/reduce era5_analysis notebook at production commit e439f61),ec30f4b,,18992fa,2026-09-03T17:53:07+00:00
Kazakh Uplands,19859,48.852,77.632,253151.0,0.154,0.14,17.0,14.21,5.427,7.508,-9.845,-0.398,-12.74,-6.971,11.42,-0.998,13.14,10.0,-3.281,-0.339,0.338,converted 2026-09-03 from aggregated_results/v9/geometries/gmba_mountain_ranges_with_all_stats.geojson (written 2026-08-25 by the pre-map/reduce era5_analysis notebook at production commit e439f61),ec30f4b,,18992fa,2026-09-03T17:53:07+00:00
Patom Highlands,21059,58.601,115.04,5460146.0,4.374,0.975,17.0,,,-3.804,,3.626,-4.451,,,,,5.0,-2.73,-0.517,0.373,converted 2026-09-03 from aggregated_results/v9/geometries/gmba_mountain_ranges_with_all_stats.geojson (written 2026-08-25 by the pre-map/reduce era5_analysis notebook at production commit e439f61),ec30f4b,,18992fa,2026-09-03T17:53:07+00:00
European Alps,10001,46.214,10.283,9966132.0,4.754,0.997,34.0,-1.062,3.856,-2.546,2.306,8.302,-6.55,5.813,-8.021,-3.737,-4.654,10.0,-4.416,-0.766,0.01,converted 2026-09-03 from aggregated_results/v9/geometries/gmba_mountain_ranges_with_all_stats.geojson (written 2026-08-25 by the pre-map/reduce era5_analysis notebook at production commit e439f61),ec30f4b,,18992fa,2026-09-03T17:53:07+00:00
Alaska Range,11113,62.742,-148.921,11179861.0,3.28,0.923,45.0,-18.184,-4.048,-12.083,10.755,-13.143,4.628,-0.527,10.62,-2.132,3.781,10.0,-1.532,-0.264,0.46,converted 2026-09-03 from aggregated_results/v9/geometries/gmba_mountain_ranges_with_all_stats.geojson (written 2026-08-25 by the pre-map/reduce era5_analysis notebook at production commit e439f61),ec30f4b,,18992fa,2026-09-03T17:53:07+00:00
Alborz Mountains,11116,36.675,51.31,2867872.0,3.832,0.988,26.0,-5.294,-4.345,8.341,-10.518,18.045,5.572,-8.427,-6.348,-7.702,2.542,10.0,-7.846,-0.814,0.004,converted 2026-09-03 from aggregated_results/v9/geometries/gmba_mountain_ranges_with_all_stats.geojson (written 2026-08-25 by the pre-map/reduce era5_analysis notebook at production commit e439f61),ec30f4b,,18992fa,2026-09-03T17:53:07+00:00
Aleutian Ranges,11118,57.412,-146.096,8088300.0,6.053,0.996,23.0,-19.254,-6.545,0.656,1.651,-11.794,-10.368,4.101,3.429,2.844,4.475,10.0,-3.526,-0.594,0.07,converted 2026-09-03 from aggregated_results/v9/geometries/gmba_mountain_ranges_with_all_stats.geojson (written 2026-08-25 by the pre-map/reduce era5_analysis notebook at production commit e439f61),ec30f4b,,18992fa,2026-09-03T17:53:07+00:00
Arakan Mountains,11136,24.048,94.34,63379.0,2.113,0.826,11.0,0.714,6.747,12.174,3.453,-7.479,3.392,3.822,-7.568,,7.223,10.0,-4.157,-0.371,0.292,converted 2026-09-03 from aggregated_results/v9/geometries/gmba_mountain_ranges_with_all_stats.geojson (written 2026-08-25 by the pre-map/reduce era5_analysis notebook at production commit e439f61),ec30f4b,,18992fa,2026-09-03T17:53:07+00:00
Balkan Mountains,11149,42.89,24.52,131916.0,5.345,0.998,11.0,10.721,-17.325,-9.452,2.319,-6.464,0.017,20.248,10.246,6.313,-18.646,10.0,-8.846,-0.778,0.008,converted 2026-09-03 from aggregated_results/v9/geometries/gmba_mountain_ranges_with_all_stats.geojson (written 2026-08-25 by the pre-map/reduce era5_analysis notebook at production commit e439f61),ec30f4b,,18992fa,2026-09-03T17:53:07+00:00
Brooks Range,11191,68.069,-149.215,24182373.0,3.538,0.944,25.0,,,-10.208,4.89,-7.727,-2.813,-3.912,-3.668,5.176,0.636,8.0,-1.382,-0.391,0.338,converted 2026-09-03 from aggregated_results/v9/geometries/gmba_mountain_ranges_with_all_stats.geojson (written 2026-08-25 by the pre-map/reduce era5_analysis notebook at production commit e439f61),ec30f4b,,18992fa,2026-09-03T17:53:07+00:00
Cantabrian Mountains,11197,43.03,-4.742,152630.0,3.373,0.872,8.0,1.796,29.325,-3.076,27.905,12.996,-37.32,-16.45,-8.258,-7.822,,10.0,-13.376,-0.701,0.024,converted 2026-09-03 from aggregated_results/v9/geometries/gmba_mountain_ranges_with_all_stats.geojson (written 2026-08-25 by the pre-map/reduce era5_analysis notebook at production commit e439f61),ec30f4b,,18992fa,2026-09-03T17:53:07+00:00
Carpathian Mountains,11201,47.169,23.0,2119104.0,4.153,0.986,20.0,-0.243,-18.834,-13.986,9.355,0.817,-1.988,13.529,9.54,7.129,-19.865,10.0,-6.316,-0.661,0.037,converted 2026-09-03 from aggregated_results/v9/geometries/gmba_mountain_ranges_with_all_stats.geojson (written 2026-08-25 by the pre-map/reduce era5_analysis notebook at production commit e439f61),ec30f4b,,18992fa,2026-09-03T17:53:07+00:00
Cascade Range,11202,45.85,-121.61,2440535.0,4.148,0.996,26.0,-28.021,-8.879,5.233,-1.795,-0.536,-2.783,1.168,6.092,7.508,-4.944,10.0,-8.042,-0.834,0.003,converted 2026-09-03 from aggregated_results/v9/geometries/gmba_mountain_ranges_with_all_stats.geojson (written 2026-08-25 by the pre-map/reduce era5_analysis notebook at production commit e439f61),ec30f4b,,18992fa,2026-09-03T17:53:07+00:00
Changbai Mountains,11214,42.841,127.56,1465423.0,3.106,0.934,24.0,-1.861,,3.146,3.57,-8.098,3.048,0.583,-1.839,-0.506,-5.888,10.0,-5.325,-0.617,0.057,converted 2026-09-03 from aggregated_results/v9/geometries/gmba_mountain_ranges_with_all_stats.geojson (written 2026-08-25 by the pre-map/reduce era5_analysis notebook at production commit e439f61),ec30f4b,,18992fa,2026-09-03T17:53:07+00:00
Coast Mountains,11234,54.368,-129.128,18826931.0,3.506,0.988,31.0,-10.709,-16.057,1.896,-0.227,-6.095,1.296,7.211,9.668,-0.408,0.09,10.0,-7.079,-0.936,0.0,converted 2026-09-03 from aggregated_results/v9/geometries/gmba_mountain_ranges_with_all_stats.geojson (written 2026-08-25 by the pre-map/reduce era5_analysis notebook at production commit e439f61),ec30f4b,,18992fa,2026-09-03T17:53:07+00:00
Yin Mountains,11285,40.593,111.496,222175.0,1.054,0.948,11.0,,,-0.349,,,-4.108,-11.484,,,11.357,7.0,3.885,0.452,0.308,converted 2026-09-03 from aggregated_results/v9/geometries/gmba_mountain_ranges_with_all_stats.geojson (written 2026-08-25 by the pre-map/reduce era5_analysis notebook at production commit e439f61),ec30f4b,,18992fa,2026-09-03T17:53:07+00:00
Dinaric Alps,11300,43.86,17.851,1093322.0,4.534,0.988,14.0,6.685,-1.218,-7.798,0.67,-6.898,-11.912,16.593,5.595,7.451,-23.473,10.0,-7.393,-0.75,0.013,converted 2026-09-03 from aggregated_results/v9/geometries/gmba_mountain_ranges_with_all_stats.geojson (written 2026-08-25 by the pre-map/reduce era5_analysis notebook at production commit e439f61),ec30f4b,,18992fa,2026-09-03T17:53:07+00:00
Hengduan Shan,11394,29.209,99.037,14624313.0,4.196,0.844,30.0,-5.029,4.436,3.471,-3.467,-11.479,7.752,-10.487,-9.602,-4.673,4.505,10.0,-3.636,-0.403,0.248,converted 2026-09-03 from aggregated_results/v9/geometries/gmba_mountain_ranges_with_all_stats.geojson (written 2026-08-25 by the pre-map/reduce era5_analysis notebook at production commit e439f61),ec30f4b,,18992fa,2026-09-03T17:53:07+00:00
Jura Mountains,11448,46.728,6.457,57291.0,3.952,0.997,6.0,8.762,12.96,0.613,0.461,6.801,-1.417,-14.71,-4.63,,-26.812,10.0,-1.757,-0.156,0.667,converted 2026-09-03 from aggregated_results/v9/geometries/gmba_mountain_ranges_with_all_stats.geojson (written 2026-08-25 by the pre-map/reduce era5_analysis notebook at production commit e439f61),ec30f4b,,18992fa,2026-09-03T17:53:07+00:00
Sikhote-Alin,11475,47.227,137.079,1849277.0,3.641,0.979,18.0,13.875,,-12.589,-6.392,1.092,3.596,4.003,,-1.854,,9.0,-7.681,-0.414,0.268,converted 2026-09-03 from aggregated_results/v9/geometries/gmba_mountain_ranges_with_all_stats.geojson (written 2026-08-25 by the pre-map/reduce era5_analysis notebook at production commit e439f61),ec30f4b,,18992fa,2026-09-03T17:53:07+00:00
Chersky Range,11481,65.201,143.697,31768534.0,2.619,0.973,25.0,-11.189,-0.838,11.838,-8.093,-4.778,-4.429,-4.908,-0.0,-8.857,-4.247,10.0,3.896,0.697,0.025,converted 2026-09-03 from aggregated_results/v9/geometries/gmba_mountain_ranges_with_all_stats.geojson (written 2026-08-25 by the pre-map/reduce era5_analysis notebook at production commit e439f61),ec30f4b,,18992fa,2026-09-03T17:53:07+00:00
Kunlun Mountains,11558,36.392,86.764,21890218.0,4.3,0.947,52.0,-6.765,-2.091,6.156,-8.785,1.209,-3.86,4.305,-27.276,-0.898,-6.252,10.0,-6.86,-0.891,0.001,converted 2026-09-03 from aggregated_results/v9/geometries/gmba_mountain_ranges_with_all_stats.geojson (written 2026-08-25 by the pre-map/reduce era5_analysis notebook at production commit e439f61),ec30f4b,,18992fa,2026-09-03T17:53:07+00:00
Pontic Mountains,11562,40.827,36.522,5485485.0,4.525,0.993,23.0,2.641,-9.359,-0.535,-14.173,9.197,-3.692,1.593,8.952,-7.466,1.619,10.0,-4.933,-0.743,0.014,converted 2026-09-03 from aggregated_results/v9/geometries/gmba_mountain_ranges_with_all_stats.geojson (written 2026-08-25 by the pre-map/reduce era5_analysis notebook at production commit e439f61),ec30f4b,,18992fa,2026-09-03T17:53:07+00:00
Kuznetsk Alatau,11563,53.897,88.98,1001446.0,3.422,0.759,17.0,,,1.101,6.303,5.193,-8.35,2.573,,-6.653,,6.0,-1.693,-0.486,0.328,converted 2026-09-03 from aggregated_results/v9/geometries/gmba_mountain_ranges_with_all_stats.geojson (written 2026-08-25 by the pre-map/reduce era5_analysis notebook at production commit e439f61),ec30f4b,,18992fa,2026-09-03T17:53:07+00:00
Mackenzie Mountains,11591,62.949,-128.767,23491431.0,2.946,0.935,25.0,,,-2.373,-1.413,-16.507,1.75,-2.688,10.09,-4.776,-13.066,8.0,-4.43,-0.847,0.008,converted 2026-09-03 from aggregated_results/v9/geometries/gmba_mountain_ranges_with_all_stats.geojson (written 2026-08-25 by the pre-map/reduce era5_analysis notebook at production commit e439f61),ec30f4b,,18992fa,2026-09-03T17:53:07+00:00
Massif Central,11608,44.813,3.543,44002.0,2.173,0.968,4.0,4.84,13.679,-1.481,3.734,3.271,-32.082,-18.539,-9.8,2.181,,10.0,-5.855,-0.29,0.416,converted 2026-09-03 from aggregated_results/v9/geometries/gmba_mountain_ranges_with_all_stats.geojson (written 2026-08-25 by the pre-map/reduce era5_analysis notebook at production commit e439f61),ec30f4b,,18992fa,2026-09-03T17:53:07+00:00
Min Mountains,11627,33.69,103.512,1195266.0,3.182,0.965,27.0,,2.26,16.188,0.128,-16.582,0.53,-7.042,-21.369,7.751,10.703,10.0,-3.518,-0.15,0.679,converted 2026-09-03 from aggregated_results/v9/geometries/gmba_mountain_ranges_with_all_stats.geojson (written 2026-08-25 by the pre-map/reduce era5_analysis notebook at production commit e439f61),ec30f4b,,18992fa,2026-09-03T17:53:07+00:00
Olympic Mountains,11688,47.789,-123.649,86259.0,4.033,0.967,10.0,-27.682,-11.737,9.777,1.625,-7.468,3.195,4.879,12.099,1.158,-6.11,10.0,-8.616,-0.841,0.002,converted 2026-09-03 from aggregated_results/v9/geometries/gmba_mountain_ranges_with_all_stats.geojson (written 2026-08-25 by the pre-map/reduce era5_analysis notebook at production commit e439f61),ec30f4b,,18992fa,2026-09-03T17:53:07+00:00
Pyrenees,11756,42.612,0.645,968522.0,5.212,0.997,16.0,-7.98,16.116,-2.059,13.78,9.322,-12.645,-13.853,1.922,-14.391,-0.723,10.0,-7.529,-0.685,0.029,converted 2026-09-03 from aggregated_results/v9/geometries/gmba_mountain_ranges_with_all_stats.geojson (written 2026-08-25 by the pre-map/reduce era5_analysis notebook at production commit e439f61),ec30f4b,,18992fa,2026-09-03T17:53:07+00:00
Qin Ling,11762,33.514,109.394,240928.0,1.101,0.884,26.0,,,44.367,5.852,-1.827,-0.901,-13.032,,,,9.0,-14.024,-0.468,0.204,converted 2026-09-03 from aggregated_results/v9/geometries/gmba_mountain_ranges_with_all_stats.geojson (written 2026-08-25 by the pre-map/reduce era5_analysis notebook at production commit e439f61),ec30f4b,,18992fa,2026-09-03T17:53:07+00:00
Qionglai Shan,11765,31.3,102.783,2186820.0,3.507,0.93,29.0,,-7.199,12.597,4.849,-21.457,2.947,-10.541,-6.454,3.263,8.763,10.0,-7.867,-0.36,0.307,converted 2026-09-03 from aggregated_results/v9/geometries/gmba_mountain_ranges_with_all_stats.geojson (written 2026-08-25 by the pre-map/reduce era5_analysis notebook at production commit e439f61),ec30f4b,,18992fa,2026-09-03T17:53:07+00:00
Saint Elias Mountains,11789,60.168,-138.884,9044113.0,2.319,0.902,55.0,-13.936,-6.147,4.462,2.926,-9.607,-0.067,7.217,7.425,6.166,1.172,10.0,-4.926,-0.862,0.001,converted 2026-09-03 from aggregated_results/v9/geometries/gmba_mountain_ranges_with_all_stats.geojson (written 2026-08-25 by the pre-map/reduce era5_analysis notebook at production commit e439f61),ec30f4b,,18992fa,2026-09-03T17:53:07+00:00
Sierra Nevada,11928,37.807,-119.632,2462806.0,2.733,0.993,25.0,-37.114,-9.204,6.15,-3.08,9.664,-0.699,-13.438,-9.823,15.238,2.508,10.0,-13.334,-0.883,0.001,converted 2026-09-03 from aggregated_results/v9/geometries/gmba_mountain_ranges_with_all_stats.geojson (written 2026-08-25 by the pre-map/reduce era5_analysis notebook at production commit e439f61),ec30f4b,,18992fa,2026-09-03T17:53:07+00:00
Baetic System,11937,37.572,-2.915,26698.0,4.255,0.984,8.0,-12.725,23.285,-19.63,14.512,-0.544,-0.554,-19.722,12.619,-28.1,3.758,10.0,-10.424,-0.799,0.006,converted 2026-09-03 from aggregated_results/v9/geometries/gmba_mountain_ranges_with_all_stats.geojson (written 2026-08-25 by the pre-map/reduce era5_analysis notebook at production commit e439f61),ec30f4b,,18992fa,2026-09-03T17:53:07+00:00
Sistema Central,11938,40.418,-5.718,49962.0,2.052,0.918,6.0,-6.234,31.806,-8.219,22.516,-1.289,-50.43,-19.765,9.694,-18.57,,10.0,-13.023,-0.707,0.022,converted 2026-09-03 from aggregated_results/v9/geometries/gmba_mountain_ranges_with_all_stats.geojson (written 2026-08-25 by the pre-map/reduce era5_analysis notebook at production commit e439f61),ec30f4b,,18992fa,2026-09-03T17:53:07+00:00
Sistema Iberico,11939,40.797,-1.414,30473.0,0.869,0.564,4.0,0.364,32.132,-5.086,22.988,5.139,,-16.029,-18.357,-7.601,,10.0,-13.925,-0.698,0.025,converted 2026-09-03 from aggregated_results/v9/geometries/gmba_mountain_ranges_with_all_stats.geojson (written 2026-08-25 by the pre-map/reduce era5_analysis notebook at production commit e439f61),ec30f4b,,18992fa,2026-09-03T17:53:07+00:00
Tanggula Mountains,11979,32.751,92.888,5194304.0,9.0,0.951,23.0,-6.745,,-13.847,5.502,-0.68,16.943,16.236,-24.902,-3.691,-18.702,10.0,-2.456,-0.205,0.571,converted 2026-09-03 from aggregated_results/v9/geometries/gmba_mountain_ranges_with_all_stats.geojson (written 2026-08-25 by the pre-map/reduce era5_analysis notebook at production commit e439f61),ec30f4b,,18992fa,2026-09-03T17:53:07+00:00
Verkhoyansk Range,12036,63.678,135.05,37061192.0,2.189,0.938,27.0,-10.476,1.922,4.83,-4.428,-3.29,-5.437,-2.599,-4.487,-19.017,-17.402,10.0,0.775,0.105,0.772,converted 2026-09-03 from aggregated_results/v9/geometries/gmba_mountain_ranges_with_all_stats.geojson (written 2026-08-25 by the pre-map/reduce era5_analysis notebook at production commit e439f61),ec30f4b,,18992fa,2026-09-03T17:53:07+00:00
Yan Mountains,12082,41.243,117.741,522997.0,1.184,0.93,18.0,,,-0.735,0.953,,5.993,-5.442,10.051,,0.003,7.0,-3.229,-0.427,0.339,converted 2026-09-03 from aggregated_results/v9/geometries/gmba_mountain_ranges_with_all_stats.geojson (written 2026-08-25 by the pre-map/reduce era5_analysis notebook at production commit e439f61),ec30f4b,,18992fa,2026-09-03T17:53:07+00:00
Zagros Mountains,12094,31.9,50.095,4041820.0,2.888,0.944,25.0,-4.073,-5.94,10.324,-10.136,17.968,-3.096,-9.398,-3.064,-1.57,5.15,10.0,-6.462,-0.81,0.005,converted 2026-09-03 from aggregated_results/v9/geometries/gmba_mountain_ranges_with_all_stats.geojson (written 2026-08-25 by the pre-map/reduce era5_analysis notebook at production commit e439f61),ec30f4b,,18992fa,2026-09-03T17:53:07+00:00
Colorado Plateau,12104,37.2,-110.452,4502729.0,4.057,0.985,20.0,,-4.916,-12.688,-10.556,6.887,-3.827,-9.769,3.302,19.955,6.327,10.0,-7.715,-0.811,0.004,converted 2026-09-03 from aggregated_results/v9/geometries/gmba_mountain_ranges_with_all_stats.geojson (written 2026-08-25 by the pre-map/reduce era5_analysis notebook at production commit e439f61),ec30f4b,,18992fa,2026-09-03T17:53:07+00:00
Taurus Mountains,12111,37.603,36.658,4988147.0,3.838,0.996,22.0,0.454,-8.281,3.47,-15.355,11.774,0.281,-2.011,3.519,-4.225,0.659,10.0,-5.51,-0.786,0.007,converted 2026-09-03 from aggregated_results/v9/geometries/gmba_mountain_ranges_with_all_stats.geojson (written 2026-08-25 by the pre-map/reduce era5_analysis notebook at production commit e439f61),ec30f4b,,18992fa,2026-09-03T17:53:07+00:00
Armenian Highlands,12118,39.108,43.797,8120129.0,3.487,0.994,26.0,3.096,-8.906,0.592,-14.548,14.506,-1.003,-2.44,3.552,-11.798,3.405,10.0,-6.04,-0.712,0.021,converted 2026-09-03 from aggregated_results/v9/geometries/gmba_mountain_ranges_with_all_stats.geojson (written 2026-08-25 by the pre-map/reduce era5_analysis notebook at production commit e439f61),ec30f4b,,18992fa,2026-09-03T17:53:07+00:00
Transhimalaya,12162,30.274,88.959,27105748.0,3.322,0.861,38.0,-0.417,-2.406,-2.027,6.228,-2.502,7.662,1.132,-21.375,-0.436,-3.564,10.0,-6.23,-0.763,0.01,converted 2026-09-03 from aggregated_results/v9/geometries/gmba_mountain_ranges_with_all_stats.geojson (written 2026-08-25 by the pre-map/reduce era5_analysis notebook at production commit e439f61),ec30f4b,,18992fa,2026-09-03T17:53:07+00:00
Southern Alps,12193,-43.843,170.326,3307660.0,7.363,0.992,20.0,8.32,5.98,-3.418,2.156,7.656,-10.287,-2.306,-5.308,-1.847,5.625,10.0,-8.282,-0.671,0.034,converted 2026-09-03 from aggregated_results/v9/geometries/gmba_mountain_ranges_with_all_stats.geojson (written 2026-08-25 by the pre-map/reduce era5_analysis notebook at production commit e439f61),ec30f4b,,18992fa,2026-09-03T17:53:07+00:00
Canadian Rockies,12199,51.975,-117.045,5364065.0,5.033,0.989,27.0,-22.517,-15.592,2.957,-1.494,1.073,5.749,0.637,12.892,-16.544,-0.79,10.0,-7.279,-0.814,0.004,converted 2026-09-03 from aggregated_results/v9/geometries/gmba_mountain_ranges_with_all_stats.geojson (written 2026-08-25 by the pre-map/reduce era5_analysis notebook at production commit e439f61),ec30f4b,,18992fa,2026-09-03T17:53:07+00:00
Southern Rocky Mountains,12208,38.792,-106.524,9098757.0,3.613,0.99,27.0,-10.361,3.558,-8.879,-11.406,8.755,-4.442,-5.7,3.834,8.075,3.097,10.0,-7.738,-0.852,0.002,converted 2026-09-03 from aggregated_results/v9/geometries/gmba_mountain_ranges_with_all_stats.geojson (written 2026-08-25 by the pre-map/reduce era5_analysis notebook at production commit e439f61),ec30f4b,,18992fa,2026-09-03T17:53:07+00:00
Great Basin Ranges,12264,39.091,-116.575,10845818.0,2.962,0.997,27.0,,-8.774,-9.785,,7.396,-14.199,-4.627,-7.843,23.876,10.985,10.0,-11.117,-0.959,0.0,converted 2026-09-03 from aggregated_results/v9/geometries/gmba_mountain_ranges_with_all_stats.geojson (written 2026-08-25 by the pre-map/reduce era5_analysis notebook at production commit e439f61),ec30f4b,,18992fa,2026-09-03T17:53:07+00:00
Sakhalin Peninsula,12418,49.447,142.75,316648.0,3.159,0.992,13.0,1.025,,5.268,-6.445,-5.147,3.874,-1.085,4.759,-9.3,-10.669,10.0,-4.109,-0.329,0.353,converted 2026-09-03 from aggregated_results/v9/geometries/gmba_mountain_ranges_with_all_stats.geojson (written 2026-08-25 by the pre-map/reduce era5_analysis notebook at production commit e439f61),ec30f4b,,18992fa,2026-09-03T17:53:07+00:00
Columbia Mountains,12422,50.299,-118.209,5170087.0,4.825,0.995,28.0,-18.209,-7.424,4.678,0.676,-0.615,3.807,0.515,9.341,-1.841,-3.346,10.0,-5.318,-0.83,0.003,converted 2026-09-03 from aggregated_results/v9/geometries/gmba_mountain_ranges_with_all_stats.geojson (written 2026-08-25 by the pre-map/reduce era5_analysis notebook at production commit e439f61),ec30f4b,,18992fa,2026-09-03T17:53:07+00:00
Insular Mountains,12441,50.287,-127.024,227478.0,5.027,0.995,14.0,-24.958,-16.587,4.985,-6.109,-5.807,0.267,5.096,15.964,3.518,-6.978,10.0,-9.496,-0.92,0.0,converted 2026-09-03 from aggregated_results/v9/geometries/gmba_mountain_ranges_with_all_stats.geojson (written 2026-08-25 by the pre-map/reduce era5_analysis notebook at production commit e439f61),ec30f4b,,18992fa,2026-09-03T17:53:07+00:00
Klamath Mountains,12443,41.654,-123.303,208129.0,4.121,0.993,11.0,-38.473,-22.348,4.916,-5.163,1.547,-5.824,-5.68,-4.558,15.645,4.392,10.0,-12.499,-0.895,0.0,converted 2026-09-03 from aggregated_results/v9/geometries/gmba_mountain_ranges_with_all_stats.geojson (written 2026-08-25 by the pre-map/reduce era5_analysis notebook at production commit e439f61),ec30f4b,,18992fa,2026-09-03T17:53:07+00:00
Bohemian Massif,12457,49.779,14.801,147289.0,5.79,0.99,10.0,3.952,-2.018,-9.311,6.222,3.484,-4.407,7.889,0.966,-6.738,-27.957,10.0,-5.687,-0.653,0.041,converted 2026-09-03 from aggregated_results/v9/geometries/gmba_mountain_ranges_with_all_stats.geojson (written 2026-08-25 by the pre-map/reduce era5_analysis notebook at production commit e439f61),ec30f4b,,18992fa,2026-09-03T17:53:07+00:00
Anatolian Plateau,12501,38.992,31.949,3363258.0,4.379,0.991,17.0,4.825,-11.047,-1.949,-17.206,2.049,-0.076,8.624,5.621,-4.364,-0.362,10.0,-4.448,-0.709,0.022,converted 2026-09-03 from aggregated_results/v9/geometries/gmba_mountain_ranges_with_all_stats.geojson (written 2026-08-25 by the pre-map/reduce era5_analysis notebook at production commit e439f61),ec30f4b,,18992fa,2026-09-03T17:53:07+00:00
Columbia Plateau,12544,45.202,-118.407,2339667.0,4.06,0.952,22.0,-29.16,-11.936,-6.168,-8.646,9.98,-9.252,2.954,0.668,16.365,-1.316,10.0,-9.534,-0.834,0.003,converted 2026-09-03 from aggregated_results/v9/geometries/gmba_mountain_ranges_with_all_stats.geojson (written 2026-08-25 by the pre-map/reduce era5_analysis notebook at production commit e439f61),ec30f4b,,18992fa,2026-09-03T17:53:07+00:00
Alaska Intermountain Ranges,12546,63.872,-151.997,19255256.0,0.683,0.419,18.0,-18.097,-10.986,-15.34,5.735,-7.014,2.066,-1.413,8.219,7.162,0.623,10.0,-2.405,-0.476,0.164,converted 2026-09-03 from aggregated_results/v9/geometries/gmba_mountain_ranges_with_all_stats.geojson (written 2026-08-25 by the pre-map/reduce era5_analysis notebook at production commit e439f61),ec30f4b,,18992fa,2026-09-03T17:53:07+00:00
Laurentian Mountains,12550,50.024,-67.3,829816.0,4.078,0.962,12.0,,,-0.822,8.246,4.217,4.441,-21.697,1.39,-6.785,-18.134,8.0,-6.845,-0.838,0.009,converted 2026-09-03 from aggregated_results/v9/geometries/gmba_mountain_ranges_with_all_stats.geojson (written 2026-08-25 by the pre-map/reduce era5_analysis notebook at production commit e439f61),ec30f4b,,18992fa,2026-09-03T17:53:07+00:00
Central Iranian Range,12680,32.549,53.736,1713387.0,1.522,0.867,23.0,-5.84,-6.673,11.148,-8.954,19.792,-0.307,-13.093,-2.725,-5.644,5.034,10.0,-8.866,-0.864,0.001,converted 2026-09-03 from aggregated_results/v9/geometries/gmba_mountain_ranges_with_all_stats.geojson (written 2026-08-25 by the pre-map/reduce era5_analysis notebook at production commit e439f61),ec30f4b,,18992fa,2026-09-03T17:53:07+00:00
Fiordland,12737,-45.417,167.284,320199.0,5.574,0.911,12.0,3.282,3.682,-3.206,-3.405,6.639,-3.043,-3.172,0.728,-7.737,11.869,10.0,-5.838,-0.529,0.116,converted 2026-09-03 from aggregated_results/v9/geometries/gmba_mountain_ranges_with_all_stats.geojson (written 2026-08-25 by the pre-map/reduce era5_analysis notebook at production commit e439f61),ec30f4b,,18992fa,2026-09-03T17:53:07+00:00
Crimean Mountains,12774,44.739,34.369,23442.0,2.721,0.961,6.0,9.835,-35.943,-5.712,-16.551,1.103,0.488,,12.2,,-9.528,9.0,-10.225,-0.719,0.029,converted 2026-09-03 from aggregated_results/v9/geometries/gmba_mountain_ranges_with_all_stats.geojson (written 2026-08-25 by the pre-map/reduce era5_analysis notebook at production commit e439f61),ec30f4b,,18992fa,2026-09-03T17:53:07+00:00
British Isles,12883,55.486,-5.035,970669.0,3.947,0.957,9.0,0.095,11.843,-14.137,21.377,-10.301,7.886,-0.748,-12.037,-21.318,-10.46,10.0,-9.311,-0.497,0.144,converted 2026-09-03 from aggregated_results/v9/geometries/gmba_mountain_ranges_with_all_stats.geojson (written 2026-08-25 by the pre-map/reduce era5_analysis notebook at production commit e439f61),ec30f4b,,18992fa,2026-09-03T17:53:07+00:00
Cordillera Occidental,13042,-12.788,-74.798,625946.0,5.783,0.931,19.0,,29.846,-11.985,-24.215,8.665,4.718,9.256,8.544,-19.324,29.139,10.0,-11.613,-0.235,0.514,converted 2026-09-03 from aggregated_results/v9/geometries/gmba_mountain_ranges_with_all_stats.geojson (written 2026-08-25 by the pre-map/reduce era5_analysis notebook at production commit e439f61),ec30f4b,,18992fa,2026-09-03T17:53:07+00:00
Patagonian Andes,13064,-46.47,-72.275,19086104.0,5.287,0.985,33.0,10.58,-7.383,1.65,6.846,1.488,1.135,-10.363,-5.592,10.638,-3.275,10.0,-8.633,-0.876,0.001,converted 2026-09-03 from aggregated_results/v9/geometries/gmba_mountain_ranges_with_all_stats.geojson (written 2026-08-25 by the pre-map/reduce era5_analysis notebook at production commit e439f61),ec30f4b,,18992fa,2026-09-03T17:53:07+00:00
Eastern Iranian Ranges,13077,34.448,58.851,721114.0,2.499,0.965,14.0,,,4.9,-9.986,9.548,1.94,-16.231,-1.644,-5.915,7.768,9.0,-6.859,-0.762,0.017,converted 2026-09-03 from aggregated_results/v9/geometries/gmba_mountain_ranges_with_all_stats.geojson (written 2026-08-25 by the pre-map/reduce era5_analysis notebook at production commit e439f61),ec30f4b,,18992fa,2026-09-03T17:53:07+00:00
Northwest Ranges,13161,-41.499,172.633,67608.0,3.32,0.984,6.0,5.28,5.934,-15.126,2.156,20.17,-25.851,-4.532,-14.029,2.035,-3.378,10.0,-9.389,-0.256,0.475,converted 2026-09-03 from aggregated_results/v9/geometries/gmba_mountain_ranges_with_all_stats.geojson (written 2026-08-25 by the pre-map/reduce era5_analysis notebook at production commit e439f61),ec30f4b,,18992fa,2026-09-03T17:53:07+00:00
Kaikoura Ranges,13166,-42.193,173.514,86446.0,5.252,0.969,12.0,6.704,-1.502,3.952,0.828,7.128,-8.034,2.78,-11.264,1.395,-5.319,10.0,2.697,0.147,0.686,converted 2026-09-03 from aggregated_results/v9/geometries/gmba_mountain_ranges_with_all_stats.geojson (written 2026-08-25 by the pre-map/reduce era5_analysis notebook at production commit e439f61),ec30f4b,,18992fa,2026-09-03T17:53:07+00:00
Byrranga Mountains,13907,75.335,106.638,2396139.0,0.454,0.344,11.0,,,14.861,-3.65,5.778,-41.08,-16.574,,,,5.0,-3.509,-0.226,0.715,converted 2026-09-03 from aggregated_results/v9/geometries/gmba_mountain_ranges_with_all_stats.geojson (written 2026-08-25 by the pre-map/reduce era5_analysis notebook at production commit e439f61),ec30f4b,,18992fa,2026-09-03T17:53:07+00:00
Yana-Oymyakon Highlands,13959,64.828,137.634,6759786.0,2.361,0.977,19.0,-12.004,9.069,4.835,-4.744,0.763,-4.476,-2.506,4.185,-12.711,-13.524,10.0,3.406,0.397,0.255,converted 2026-09-03 from aggregated_results/v9/geometries/gmba_mountain_ranges_with_all_stats.geojson (written 2026-08-25 by the pre-map/reduce era5_analysis notebook at production commit e439f61),ec30f4b,,18992fa,2026-09-03T17:53:07+00:00
Hellenides,14788,39.86,21.571,798129.0,5.257,0.994,14.0,6.798,-14.493,-12.237,-0.966,-4.377,-1.348,11.442,10.147,8.225,-22.162,10.0,-9.142,-0.788,0.007,converted 2026-09-03 from aggregated_results/v9/geometries/gmba_mountain_ranges_with_all_stats.geojson (written 2026-08-25 by the pre-map/reduce era5_analysis notebook at production commit e439f61),ec30f4b,,18992fa,2026-09-03T17:53:07+00:00
Rila-Rhodope Massif,15148,42.114,23.29,297224.0,4.995,0.992,16.0,7.034,-6.089,-9.371,-3.988,-2.001,0.449,10.059,8.244,10.191,-16.263,10.0,-6.654,-0.844,0.002,converted 2026-09-03 from aggregated_results/v9/geometries/gmba_mountain_ranges_with_all_stats.geojson (written 2026-08-25 by the pre-map/reduce era5_analysis notebook at production commit e439f61),ec30f4b,,18992fa,2026-09-03T17:53:07+00:00
Central Uplands,15490,49.082,8.466,26584.0,0.753,0.825,6.0,18.149,11.83,-1.371,-0.126,1.457,1.879,-8.11,-0.116,-5.47,,10.0,-5.723,-0.403,0.248,converted 2026-09-03 from aggregated_results/v9/geometries/gmba_mountain_ranges_with_all_stats.geojson (written 2026-08-25 by the pre-map/reduce era5_analysis notebook at production commit e439f61),ec30f4b,,18992fa,2026-09-03T17:53:07+00:00
Central Labrador Ranges,15512,56.524,-62.337,2300625.0,2.554,0.927,10.0,,,-6.772,0.536,-12.512,11.396,5.264,-3.002,-13.779,-15.873,8.0,-2.212,-0.303,0.466,converted 2026-09-03 from aggregated_results/v9/geometries/gmba_mountain_ranges_with_all_stats.geojson (written 2026-08-25 by the pre-map/reduce era5_analysis notebook at production commit e439f61),ec30f4b,,18992fa,2026-09-03T17:53:07+00:00
Black Hills,15519,44.176,-103.859,63575.0,2.864,0.958,9.0,,,-26.845,9.267,13.544,-3.023,-4.266,-3.619,24.603,,8.0,-10.267,-0.729,0.04,converted 2026-09-03 from aggregated_results/v9/geometries/gmba_mountain_ranges_with_all_stats.geojson (written 2026-08-25 by the pre-map/reduce era5_analysis notebook at production commit e439f61),ec30f4b,,18992fa,2026-09-03T17:53:07+00:00
Cordillera Oriental (Northern Andes),15622,2.754,-75.384,17300.0,2.638,0.572,8.0,,30.976,2.139,-5.076,1.874,14.655,-9.524,3.715,-3.134,11.798,9.0,30.656,0.586,0.097,converted 2026-09-03 from aggregated_results/v9/geometries/gmba_mountain_ranges_with_all_stats.geojson (written 2026-08-25 by the pre-map/reduce era5_analysis notebook at production commit e439f61),ec30f4b,,18992fa,2026-09-03T17:53:07+00:00
Cordillera Central,15623,-14.478,-71.531,108609.0,3.215,0.499,11.0,,31.871,-32.407,-73.601,-2.484,15.142,21.891,-16.111,-1.209,24.709,9.0,-16.907,-0.214,0.58,converted 2026-09-03 from aggregated_results/v9/geometries/gmba_mountain_ranges_with_all_stats.geojson (written 2026-08-25 by the pre-map/reduce era5_analysis notebook at production commit e439f61),ec30f4b,,18992fa,2026-09-03T17:53:07+00:00
Cordillera Oriental (Central Andes),15624,-13.571,-70.628,328984.0,7.261,0.828,15.0,-2.98,0.996,7.757,-7.588,10.15,17.08,-4.104,2.252,-24.995,19.636,10.0,-20.395,-0.472,0.168,converted 2026-09-03 from aggregated_results/v9/geometries/gmba_mountain_ranges_with_all_stats.geojson (written 2026-08-25 by the pre-map/reduce era5_analysis notebook at production commit e439f61),ec30f4b,,18992fa,2026-09-03T17:53:07+00:00
Hokkaido,15713,43.258,142.268,419420.0,3.051,0.993,21.0,-0.206,1.285,5.07,-2.167,-1.316,0.609,-5.823,3.508,-4.095,-4.08,10.0,-2.939,-0.413,0.235,converted 2026-09-03 from aggregated_results/v9/geometries/gmba_mountain_ranges_with_all_stats.geojson (written 2026-08-25 by the pre-map/reduce era5_analysis notebook at production commit e439f61),ec30f4b,,18992fa,2026-09-03T17:53:07+00:00
South-Central Alaska,15839,60.77,-147.369,13012620.0,3.425,0.951,42.0,-18.617,,-6.229,3.904,-7.572,-2.751,3.428,7.861,4.339,3.527,10.0,-2.291,-0.404,0.247,converted 2026-09-03 from aggregated_results/v9/geometries/gmba_mountain_ranges_with_all_stats.geojson (written 2026-08-25 by the pre-map/reduce era5_analysis notebook at production commit e439f61),ec30f4b,,18992fa,2026-09-03T17:53:07+00:00
Yukon Intermountain Ranges,15845,62.995,-136.425,15177390.0,2.932,0.963,20.0,-23.256,,-10.849,1.46,-18.505,2.648,2.741,14.955,6.507,-6.219,10.0,-4.71,-0.767,0.01,converted 2026-09-03 from aggregated_results/v9/geometries/gmba_mountain_ranges_with_all_stats.geojson (written 2026-08-25 by the pre-map/reduce era5_analysis notebook at production commit e439f61),ec30f4b,,18992fa,2026-09-03T17:53:07+00:00
British Columbia Interior,16106,55.899,-126.617,12113797.0,4.23,0.942,24.0,-20.241,,-2.037,-2.502,-9.189,2.225,3.866,8.978,-6.052,-5.011,10.0,-6.458,-0.879,0.001,converted 2026-09-03 from aggregated_results/v9/geometries/gmba_mountain_ranges_with_all_stats.geojson (written 2026-08-25 by the pre-map/reduce era5_analysis notebook at production commit e439f61),ec30f4b,,18992fa,2026-09-03T17:53:07+00:00
Southwest Basins and Ranges,16577,32.631,-109.668,34408.0,3.083,0.987,5.0,-17.8,-9.131,-12.422,,0.222,2.804,-2.36,-5.194,6.882,16.852,9.0,-1.675,-0.146,0.708,converted 2026-09-03 from aggregated_results/v9/geometries/gmba_mountain_ranges_with_all_stats.geojson (written 2026-08-25 by the pre-map/reduce era5_analysis notebook at production commit e439f61),ec30f4b,,18992fa,2026-09-03T17:53:07+00:00
Canadian Arctic Shores,16833,64.424,-123.924,554980.0,0.167,0.216,13.0,,,-0.436,,-16.937,,-1.833,11.341,3.914,-7.181,8.0,-3.375,-0.731,0.039,converted 2026-09-03 from aggregated_results/v9/geometries/gmba_mountain_ranges_with_all_stats.geojson (written 2026-08-25 by the pre-map/reduce era5_analysis notebook at production commit e439f61),ec30f4b,,18992fa,2026-09-03T17:53:07+00:00
James Region,16836,60.774,-73.155,721716.0,-0.879,-0.209,10.0,,,-13.463,3.205,0.093,-0.927,7.058,,,,7.0,-5.034,-0.567,0.184,converted 2026-09-03 from aggregated_results/v9/geometries/gmba_mountain_ranges_with_all_stats.geojson (written 2026-08-25 by the pre-map/reduce era5_analysis notebook at production commit e439f61),ec30f4b,,18992fa,2026-09-03T17:53:07+00:00
Central Montana Rocky Mountains,17425,47.11,-113.104,5099559.0,3.693,0.953,25.0,-23.882,,-9.811,8.672,9.999,-5.001,-5.408,4.335,13.79,3.43,10.0,-7.153,-0.721,0.019,converted 2026-09-03 from aggregated_results/v9/geometries/gmba_mountain_ranges_with_all_stats.geojson (written 2026-08-25 by the pre-map/reduce era5_analysis notebook at production commit e439f61),ec30f4b,,18992fa,2026-09-03T17:53:07+00:00
Far Northern Rockies,17471,56.868,-123.615,4464292.0,4.422,0.976,24.0,-23.656,,5.684,-0.255,-7.718,1.412,0.81,9.949,-9.392,-4.706,10.0,-6.696,-0.91,0.0,converted 2026-09-03 from aggregated_results/v9/geometries/gmba_mountain_ranges_with_all_stats.geojson (written 2026-08-25 by the pre-map/reduce era5_analysis notebook at production commit e439f61),ec30f4b,,18992fa,2026-09-03T17:53:07+00:00
Greater Yellowstone Rockies,17501,44.095,-109.44,6360086.0,4.628,0.982,30.0,-17.952,-6.901,-5.753,-1.251,5.271,-2.46,-2.638,7.96,6.104,2.221,10.0,-6.891,-0.837,0.003,converted 2026-09-03 from aggregated_results/v9/geometries/gmba_mountain_ranges_with_all_stats.geojson (written 2026-08-25 by the pre-map/reduce era5_analysis notebook at production commit e439f61),ec30f4b,,18992fa,2026-09-03T17:53:07+00:00
Idaho-Bitterroot Rocky Mountains,17565,45.289,-114.87,6737430.0,3.483,0.977,27.0,-20.636,-7.929,-3.068,2.561,6.429,-0.983,-4.76,3.374,16.566,3.806,10.0,-7.735,-0.791,0.006,converted 2026-09-03 from aggregated_results/v9/geometries/gmba_mountain_ranges_with_all_stats.geojson (written 2026-08-25 by the pre-map/reduce era5_analysis notebook at production commit e439f61),ec30f4b,,18992fa,2026-09-03T17:53:07+00:00
Western Rocky Mountains,17682,41.504,-111.093,5000693.0,3.647,0.99,26.0,,-0.553,-13.047,-10.093,8.949,-4.575,-8.15,-0.39,23.874,4.802,9.0,-10.577,-0.886,0.001,converted 2026-09-03 from aggregated_results/v9/geometries/gmba_mountain_ranges_with_all_stats.geojson (written 2026-08-25 by the pre-map/reduce era5_analysis notebook at production commit e439f61),ec30f4b,,18992fa,2026-09-03T17:53:07+00:00
Bureya Region,18561,51.815,134.544,4694646.0,2.757,0.968,22.0,5.049,2.884,-6.759,-5.285,1.467,-3.87,0.782,,,,9.0,-9.4,-0.499,0.172,converted 2026-09-03 from aggregated_results/v9/geometries/gmba_mountain_ranges_with_all_stats.geojson (written 2026-08-25 by the pre-map/reduce era5_analysis notebook at production commit e439f61),ec30f4b,,18992fa,2026-09-03T17:53:07+00:00
Dry Andes,18567,-28.416,-68.653,15567774.0,1.789,0.704,49.0,,5.004,-1.957,13.487,-22.904,-2.436,-10.507,6.834,14.885,-0.559,10.0,-5.651,-0.634,0.049,converted 2026-09-03 from aggregated_results/v9/geometries/gmba_mountain_ranges_with_all_stats.geojson (written 2026-08-25 by the pre-map/reduce era5_analysis notebook at production commit e439f61),ec30f4b,,18992fa,2026-09-03T17:53:07+00:00
Western Mediterranean Islands,19031,39.527,11.023,19082.0,1.469,0.509,5.0,3.886,8.507,-6.248,4.563,-11.096,-16.714,0.972,2.6,2.143,-5.778,10.0,-1.346,-0.117,0.747,converted 2026-09-03 from aggregated_results/v9/geometries/gmba_mountain_ranges_with_all_stats.geojson (written 2026-08-25 by the pre-map/reduce era5_analysis notebook at production commit e439f61),ec30f4b,,18992fa,2026-09-03T17:53:07+00:00
South Island Hills,19174,-44.824,170.512,137871.0,3.706,0.989,9.0,7.007,3.816,-2.043,-1.458,7.212,-10.048,-5.81,-4.562,3.897,6.922,10.0,-5.833,-0.406,0.244,converted 2026-09-03 from aggregated_results/v9/geometries/gmba_mountain_ranges_with_all_stats.geojson (written 2026-08-25 by the pre-map/reduce era5_analysis notebook at production commit e439f61),ec30f4b,,18992fa,2026-09-03T17:53:07+00:00
Qiangtang,19181,33.233,85.256,10257488.0,8.385,0.902,23.0,9.27,,24.048,-14.65,-7.405,9.608,15.076,-23.176,-3.602,-38.4,10.0,-9.146,-0.585,0.076,converted 2026-09-03 from aggregated_results/v9/geometries/gmba_mountain_ranges_with_all_stats.geojson (written 2026-08-25 by the pre-map/reduce era5_analysis notebook at production commit e439f61),ec30f4b,,18992fa,2026-09-03T17:53:07+00:00
Fell Lapland,19241,67.978,31.906,683109.0,2.912,0.935,12.0,-20.435,-14.655,24.018,0.043,-9.806,15.636,-2.003,-5.37,-1.949,1.019,10.0,-10.164,-0.869,0.001,converted 2026-09-03 from aggregated_results/v9/geometries/gmba_mountain_ranges_with_all_stats.geojson (written 2026-08-25 by the pre-map/reduce era5_analysis notebook at production commit e439f61),ec30f4b,,18992fa,2026-09-03T17:53:07+00:00
Shanxi Mountains,19274,37.763,113.08,154499.0,0.821,0.945,18.0,,,,,,-1.75,-12.361,,,12.669,7.0,7.901,0.744,0.055,converted 2026-09-03 from aggregated_results/v9/geometries/gmba_mountain_ranges_with_all_stats.geojson (written 2026-08-25 by the pre-map/reduce era5_analysis notebook at production commit e439f61),ec30f4b,,18992fa,2026-09-03T17:53:07+00:00
Ordos Plateau,19735,36.066,106.584,62494.0,1.073,0.887,17.0,,0.286,,13.351,1.64,-0.519,-9.272,,,,6.0,4.176,0.449,0.372,converted 2026-09-03 from aggregated_results/v9/geometries/gmba_mountain_ranges_with_all_stats.geojson (written 2026-08-25 by the pre-map/reduce era5_analysis notebook at production commit e439f61),ec30f4b,,18992fa,2026-09-03T17:53:07+00:00
Honshu,20791,36.52,137.686,458318.0,2.113,0.996,26.0,-0.408,-0.662,7.659,-3.954,6.256,-2.119,-6.682,4.154,-3.411,-6.554,10.0,-5.939,-0.739,0.015,converted 2026-09-03 from aggregated_results/v9/geometries/gmba_mountain_ranges_with_all_stats.geojson (written 2026-08-25 by the pre-map/reduce era5_analysis notebook at production commit e439f61),ec30f4b,,18992fa,2026-09-03T17:53:07+00:00
Bayan Har Mountains,21067,33.168,98.94,7487417.0,5.339,0.886,19.0,-8.836,20.534,-3.641,-9.596,-7.282,16.738,-13.967,-23.07,-2.187,14.9,10.0,-1.333,-0.144,0.692,converted 2026-09-03 from aggregated_results/v9/geometries/gmba_mountain_ranges_with_all_stats.geojson (written 2026-08-25 by the pre-map/reduce era5_analysis notebook at production commit e439f61),ec30f4b,,18992fa,2026-09-03T17:53:07+00:00
High Atlas Range,11399,31.707,-6.535,240163.0,2.225,0.987,14.0,10.983,13.81,-10.714,5.28,-19.25,-24.803,0.847,-5.002,-4.189,,10.0,-3.301,-0.302,0.397,converted 2026-09-03 from aggregated_results/v9/geometries/gmba_mountain_ranges_with_all_stats.geojson (written 2026-08-25 by the pre-map/reduce era5_analysis notebook at production commit e439f61),ec30f4b,,18992fa,2026-09-03T17:53:07+00:00
Eastern Sayan,12044,53.515,97.815,6962030.0,2.869,0.967,30.0,-11.059,,-7.203,5.805,-0.623,-33.501,17.661,,,,7.0,-8.095,-0.691,0.086,converted 2026-09-03 from aggregated_results/v9/geometries/gmba_mountain_ranges_with_all_stats.geojson (written 2026-08-25 by the pre-map/reduce era5_analysis notebook at production commit e439f61),ec30f4b,,18992fa,2026-09-03T17:53:07+00:00
Lesser Khingan,12074,46.986,128.992,68591.0,2.464,0.973,4.0,,,-4.215,6.945,-2.613,1.864,0.791,,,,5.0,-6.165,-0.744,0.149,converted 2026-09-03 from aggregated_results/v9/geometries/gmba_mountain_ranges_with_all_stats.geojson (written 2026-08-25 by the pre-map/reduce era5_analysis notebook at production commit e439f61),ec30f4b,,18992fa,2026-09-03T17:53:07+00:00
Western Sayan,12097,52.128,92.701,5910101.0,2.973,0.926,31.0,,,-4.54,8.911,-2.007,-17.312,3.642,,,,5.0,-6.821,-0.916,0.029,converted 2026-09-03 from aggregated_results/v9/geometries/gmba_mountain_ranges_with_all_stats.geojson (written 2026-08-25 by the pre-map/reduce era5_analysis notebook at production commit e439f61),ec30f4b,,18992fa,2026-09-03T17:53:07+00:00
Qilian Mountains,12188,37.925,99.113,9394455.0,4.584,0.888,41.0,-13.179,,22.796,-29.906,10.749,-8.002,-2.533,-28.357,-0.561,2.268,10.0,-11.254,-0.771,0.009,converted 2026-09-03 from aggregated_results/v9/geometries/gmba_mountain_ranges_with_all_stats.geojson (written 2026-08-25 by the pre-map/reduce era5_analysis notebook at production commit e439f61),ec30f4b,,18992fa,2026-09-03T17:53:07+00:00
Altyn-Tagh,12235,38.639,89.973,2490368.0,4.611,0.897,39.0,,,12.797,-4.742,4.299,-26.079,3.259,-13.805,5.349,16.934,10.0,-4.811,-0.326,0.358,converted 2026-09-03 from aggregated_results/v9/geometries/gmba_mountain_ranges_with_all_stats.geojson (written 2026-08-25 by the pre-map/reduce era5_analysis notebook at production commit e439f61),ec30f4b,,18992fa,2026-09-03T17:53:07+00:00
Greater Khingan,12238,49.502,120.672,1848181.0,-0.53,-0.421,17.0,,-0.485,-0.918,5.23,-1.731,1.392,-6.333,,,,6.0,4.618,0.567,0.241,converted 2026-09-03 from aggregated_results/v9/geometries/gmba_mountain_ranges_with_all_stats.geojson (written 2026-08-25 by the pre-map/reduce era5_analysis notebook at production commit e439f61),ec30f4b,,18992fa,2026-09-03T17:53:07+00:00
Mongolian Altai,14435,47.89,90.592,14116696.0,3.66,0.871,36.0,,,6.008,2.796,-1.352,-9.292,-3.75,,10.023,5.839,9.0,-2.781,-0.601,0.087,converted 2026-09-03 from aggregated_results/v9/geometries/gmba_mountain_ranges_with_all_stats.geojson (written 2026-08-25 by the pre-map/reduce era5_analysis notebook at production commit e439f61),ec30f4b,,18992fa,2026-09-03T17:53:07+00:00
Gobi-Altai Mountains,14465,45.099,97.209,2846451.0,2.002,0.887,31.0,,,8.175,-2.105,8.154,-5.649,-11.121,,,,8.0,-3.582,-0.447,0.267,converted 2026-09-03 from aggregated_results/v9/geometries/gmba_mountain_ranges_with_all_stats.geojson (written 2026-08-25 by the pre-map/reduce era5_analysis notebook at production commit e439f61),ec30f4b,,18992fa,2026-09-03T17:53:07+00:00
Northern Altai,18508,50.271,85.798,12869978.0,3.079,0.952,34.0,,,2.121,-0.573,-3.032,-5.459,-2.655,1.629,0.68,3.26,9.0,0.044,0.012,0.975,converted 2026-09-03 from aggregated_results/v9/geometries/gmba_mountain_ranges_with_all_stats.geojson (written 2026-08-25 by the pre-map/reduce era5_analysis notebook at production commit e439f61),ec30f4b,,18992fa,2026-09-03T17:53:07+00:00
Northern Scandes,19236,66.818,16.26,15106870.0,3.518,0.991,19.0,-2.818,-6.774,6.868,-4.455,-9.297,12.524,-2.194,1.341,-4.377,-7.331,10.0,-3.763,-0.535,0.111,converted 2026-09-03 from aggregated_results/v9/geometries/gmba_mountain_ranges_with_all_stats.geojson (written 2026-08-25 by the pre-map/reduce era5_analysis notebook at production commit e439f61),ec30f4b,,18992fa,2026-09-03T17:53:07+00:00
Southern Scandes,19237,60.961,8.227,10770136.0,5.276,0.986,22.0,6.715,1.958,-4.667,-2.441,-13.516,8.214,-4.006,-4.823,1.696,-9.193,10.0,-4.136,-0.567,0.087,converted 2026-09-03 from aggregated_results/v9/geometries/gmba_mountain_ranges_with_all_stats.geojson (written 2026-08-25 by the pre-map/reduce era5_analysis notebook at production commit e439f61),ec30f4b,,18992fa,2026-09-03T17:53:07+00:00
